序号,区,板块,小区名,房屋年代,经度,纬度,2020挂牌均价,2021挂牌均价,2022挂牌均价,2023挂牌均价,2024挂牌均价,2025挂牌均价,2026挂牌均价,2020成交均价,2021成交均价,2022成交均价,2023成交均价,2024成交均价,2025成交均价,2026成交均价,2020租金,2021租金,2022租金,2023租金,2024租金,2025租金,2026租金,居住单身体验,居住家庭体验,交通可达性(地铁),开车舒适度,性价比,房屋质量口碑,附近大厂科技园区,租房流动性指数,买卖流动性指数,5年趋势,商业距离(km),5km商业综合指数,生活便利度,买菜便利度,医疗水平,口碑方差,综合评分,备注,数据来源
1,黄浦,打浦桥,绿城黄浦湾,2018,121.474,31.215,103440,117595,111062,97996,93641,95818,97996,94675,105052,100735,87359,85554,90082,91968,147.9,152.8,149.5,141.5,136.7,139.9,143.1,9.2,6.7,9.5,4.9,6.9,8.2,6.5,10.0,9.3,维持,0.6,10,9.4,8.0,10,0.8,8.41,黄浦打浦桥，2018年建，外滩南京路核心,链家/贝壳/安居客/统计局/高德POI综合
2,黄浦,老西门,豫景公寓,2000,121.476,31.221,79742,90655,85618,75545,72188,73867,75545,74979,81599,78229,69941,64713,68684,71309,101.5,104.8,102.6,97.1,93.8,96.0,98.2,9.4,7.5,10,4.8,7.7,7.4,5.5,8.4,8.7,维持,1.0,9.6,9.8,8.1,9.6,0.5,8.39,黄浦老西门，2000年建，外滩南京路核心,链家/贝壳/安居客/统计局/高德POI综合
3,黄浦,老西门,景龙花苑,2001,121.476,31.221,80173,91144,86080,75953,72577,74265,75953,74892,82049,75645,68340,64261,70717,67878,104.6,108.0,105.7,100.0,96.6,98.9,101.2,9.0,7.2,9.9,5.4,7.8,7.7,5.8,8.2,8.8,维持,1.6,10,9.6,8.0,9.7,1.0,8.36,黄浦老西门，2001年建，外滩南京路核心,链家/贝壳/安居客/统计局/高德POI综合
4,黄浦,豫园,复兴馨苑,2005,121.479,31.228,87532,99510,93982,82925,79240,81082,82925,80182,93817,85112,75526,74032,73697,75563,120.3,124.2,121.6,115.1,111.2,113.8,116.4,9.4,6.6,10.0,5.1,7.6,8.0,6.1,8.9,8.6,维持,1.0,10,9.6,8.2,9.5,1.4,8.31,黄浦豫园，2005年建，外滩南京路核心,链家/贝壳/安居客/统计局/高德POI综合
5,黄浦,老西门,西城公寓,2003,121.476,31.221,73730,83819,79163,69849,66745,68297,69849,69413,76667,72632,66072,61435,61735,64154,102.8,106.2,104.0,98.4,95.0,97.2,99.5,9.0,7.3,9.4,5.4,7.9,7.4,6.6,8.2,9.0,维持,1.9,10,9.3,8.7,9.0,1.3,8.25,黄浦老西门，2003年建，外滩南京路核心,链家/贝壳/安居客/统计局/高德POI综合
6,黄浦,老西门,文庙新天地,2005,121.476,31.221,84550,96120,90780,80100,76540,78320,80100,80176,90839,83652,72159,70601,73236,70753,106.3,109.7,107.4,101.6,98.2,100.5,102.8,10,6.9,9.7,5.3,7.6,7.7,6.4,8.5,8.9,维持,0.7,10,8.9,7.9,9.8,1.6,8.24,黄浦老西门，2005年建，外滩南京路核心,链家/贝壳/安居客/统计局/高德POI综合
7,黄浦,董家渡,中粮海景壹号,2016,121.485,31.225,104955,119318,112689,99431,95012,97222,99431,95279,105822,98862,91062,91043,88414,94073,124.1,128.1,125.4,118.7,114.7,117.4,120.1,8.9,7.1,9.5,5.4,6.7,7.7,6.0,8.6,8.7,维持,0.4,9.9,9.4,8.1,9.5,0.7,8.23,黄浦董家渡，2016年建，外滩南京路核心,链家/贝壳/安居客/统计局/高德POI综合
8,黄浦,豫园,金外滩花苑,2004,121.479,31.228,81157,92263,87137,76886,73469,75177,76886,74369,83971,81316,72745,66580,70928,70854,108.3,111.8,109.5,103.6,100.0,102.4,104.7,9.0,7.3,9.2,4.8,7.6,7.6,5.6,9.1,9.5,维持,1.0,9.8,9.7,8.0,9.7,1.5,8.22,黄浦豫园，2004年建，外滩南京路核心,链家/贝壳/安居客/统计局/高德POI综合
9,黄浦,董家渡,绿地外滩中心,2019,121.485,31.225,98090,111513,105318,92928,88797,90862,92928,89715,104397,97485,83634,81275,83607,85791,128.5,132.7,129.9,123.0,118.8,121.6,124.4,8.9,7.1,9.4,4.8,7.0,8.0,6.5,8.8,9.1,维持,0.5,10.0,9.4,8.4,9.2,1.3,8.21,黄浦董家渡，2019年建，外滩南京路核心,链家/贝壳/安居客/统计局/高德POI综合
10,黄浦,豫园,明日星城,2003,121.479,31.228,83518,94947,89672,79122,75606,77364,79122,76471,89780,84726,73856,69353,71122,73867,114.0,117.7,115.2,109.0,105.3,107.8,110.3,9.2,7.1,9.9,4.9,7.5,7.4,5.8,8.4,8.9,维持,1.5,9.9,9.1,7.9,9.9,1.6,8.16,黄浦豫园，2003年建，外滩南京路核心,链家/贝壳/安居客/统计局/高德POI综合
11,黄浦,打浦桥,斜土路花苑,2001,121.474,31.215,92270,104897,99069,87414,83529,85471,87414,86663,96401,87963,81891,75720,74662,79229,131.1,135.3,132.5,125.4,121.1,124.0,126.8,8.8,7.4,9.3,5.5,7.2,7.8,6.0,8.2,9.2,维持,1.6,10,9.7,7.9,9.4,1.7,8.16,黄浦打浦桥，2001年建，外滩南京路核心,链家/贝壳/安居客/统计局/高德POI综合
12,黄浦,外滩,外滩花苑,2005,121.487,31.242,110396,125503,118530,104586,99937,102261,104586,102488,112706,112483,94221,90274,97913,98617,171.1,176.7,173.0,163.7,158.1,161.8,165.6,9.3,7.1,9.0,4.3,6.4,7.7,6.8,9.0,9.5,维持,1.5,9.9,9.5,8.0,9.4,1.1,8.15,黄浦外滩，2005年建，外滩南京路核心,链家/贝壳/安居客/统计局/高德POI综合
13,黄浦,老西门,蓬莱公寓,1998,121.476,31.221,78092,88778,83846,73982,70694,72338,73982,70816,80794,78771,66605,67508,66121,65413,104.4,107.8,105.5,99.8,96.4,98.7,101.0,8.8,7.1,9.6,4.8,7.7,7.1,5.7,8.8,9.6,维持,0.9,9.7,9.6,7.7,9.6,1.5,8.15,黄浦老西门，1998年建，外滩南京路核心,链家/贝壳/安居客/统计局/高德POI综合
14,黄浦,豫园,豫翠豪庭,2006,121.479,31.228,81898,93106,87933,77588,74140,75864,77588,74114,88630,80046,71654,67512,69065,73185,116.7,120.5,118.0,111.6,107.8,110.4,112.9,8.9,7.2,9.7,4.7,7.7,7.6,6.6,7.5,9.8,维持,0.5,9.9,9.3,7.7,9.6,1.8,8.15,黄浦豫园，2006年建，外滩南京路核心,链家/贝壳/安居客/统计局/高德POI综合
15,黄浦,打浦桥,海华花苑,2002,121.474,31.215,92938,105656,99787,88047,84134,86090,88047,84748,95904,92087,79024,77307,76407,80756,126.8,130.9,128.2,121.3,117.1,119.9,122.7,8.9,7.6,9.0,5.0,7.1,7.6,5.7,8.7,9.4,维持,1.8,10.0,9.2,7.8,9.8,1.4,8.15,黄浦打浦桥，2002年建，外滩南京路核心,链家/贝壳/安居客/统计局/高德POI综合
16,黄浦,外滩,外滩九里,2010,121.487,31.242,129681,147427,139236,122856,117395,120126,122856,113994,135973,127951,115383,110210,109387,112518,179.2,185.0,181.1,171.4,165.5,169.4,173.3,9.0,7.0,9.7,5.4,5.6,7.6,6.1,8.7,9.5,维持,0.6,9.8,9.3,7.8,9.4,0.9,8.11,黄浦外滩，2010年建，外滩南京路核心,链家/贝壳/安居客/统计局/高德POI综合
17,黄浦,人民广场,来福士广场公寓,2004,121.473,31.233,104925,119283,112656,99402,94984,97193,99402,97744,110762,104863,91136,86206,86651,91247,152.9,157.9,154.5,146.2,141.2,144.6,147.9,8.8,6.8,9.2,4.9,6.7,8.1,5.9,9.0,9.0,维持,0.5,10.0,9.6,7.5,9.8,1.5,8.11,黄浦人民广场，2004年建，外滩南京路核心,链家/贝壳/安居客/统计局/高德POI综合
18,黄浦,南京东路,福海花苑,2003,121.474,31.233,102595,116635,110155,97195,92876,95036,97195,91035,107926,106332,91282,83745,84871,91128,163.3,168.6,165.1,156.2,150.9,154.4,158.0,9.3,6.6,9.9,4.9,6.8,7.7,6.4,7.9,8.7,维持,1.2,9.8,9.9,8.3,9.2,1.7,8.08,黄浦南京东路，2003年建，外滩南京路核心,链家/贝壳/安居客/统计局/高德POI综合
19,黄浦,董家渡,董家渡花苑,2015,121.485,31.225,96236,109405,103327,91171,87119,89145,91171,90119,101381,95638,85572,80046,83098,83917,128.6,132.8,130.0,123.0,118.8,121.6,124.4,9.0,7.5,8.6,4.9,6.9,7.7,6.1,7.5,8.4,维持,0.9,9.9,9.8,7.5,9.7,1.0,8.08,黄浦董家渡，2015年建，外滩南京路核心,链家/贝壳/安居客/统计局/高德POI综合
20,黄浦,新天地,济南路花苑,2000,121.473,31.22,113090,128565,121422,107137,102376,104757,107137,103084,115886,109339,101602,91899,95999,99857,169.1,174.6,170.9,161.7,156.2,159.9,163.6,9.1,7.4,9.6,5.6,6.2,7.5,5.6,8.6,10.0,维持,1.2,9.8,9.2,7.7,9.4,1.6,8.07,黄浦新天地，2000年建，外滩南京路核心,链家/贝壳/安居客/统计局/高德POI综合
21,黄浦,打浦桥,丽园新村,1985,121.474,31.215,89022,101204,95582,84337,80588,82462,84337,81579,92556,87702,77233,75007,72366,78118,123.9,127.9,125.2,118.5,114.5,117.2,119.8,9.2,6.7,9.4,4.8,7.2,7.3,6.2,8.1,9.3,维持,1.1,10,9.9,7.6,9.6,1.8,8.06,黄浦打浦桥，1985年建，外滩南京路核心,链家/贝壳/安居客/统计局/高德POI综合
22,黄浦,南京东路,南京东路公寓,2001,121.474,31.233,111790,127088,120027,105907,101200,103553,105907,99301,116153,104923,96918,95021,98376,95854,157.8,162.9,159.5,150.9,145.8,149.2,152.7,9.2,6.9,9.6,4.9,6.4,7.8,6.0,8.5,8.7,维持,1.0,10,9.2,7.7,9.9,1.6,8.05,黄浦南京东路，2001年建，外滩南京路核心,链家/贝壳/安居客/统计局/高德POI综合
23,黄浦,新天地,太平桥公寓,2003,121.473,31.22,107438,122140,115354,101783,97260,99521,101783,96598,110785,105742,93676,91140,90952,95688,168.9,174.4,170.7,161.5,156.0,159.7,163.4,9.1,7.1,9.7,4.8,6.5,7.5,5.4,8.3,9.3,维持,1.3,10,9.6,7.3,9.7,1.5,8.05,黄浦新天地，2003年建，外滩南京路核心,链家/贝壳/安居客/统计局/高德POI综合
24,黄浦,南京东路,鸿泰公寓,1999,121.474,31.233,118816,135076,127571,112563,107560,110061,112563,108392,124238,114677,99335,99871,96858,102822,157.0,162.1,158.7,150.2,145.1,148.5,151.9,9.3,7.1,9.0,5.0,5.8,7.2,6.7,8.9,9.4,维持,1.1,10,9.6,7.7,9.9,1.5,8.04,黄浦南京东路，1999年建，外滩南京路核心,链家/贝壳/安居客/统计局/高德POI综合
25,黄浦,人民广场,白玉兰广场,2017,121.473,31.233,120658,137169,129548,114307,109227,111767,114307,111169,124897,116310,106960,99759,103348,102337,170.6,176.2,172.5,163.2,157.7,161.4,165.1,8.8,6.7,9.8,4.9,6.1,8.1,6.4,8.3,7.9,维持,0.2,9.9,9.3,7.5,10,1.4,8.04,黄浦人民广场，2017年建，外滩南京路核心,链家/贝壳/安居客/统计局/高德POI综合
26,黄浦,老西门,复兴东路公寓,1995,121.476,31.221,72421,82331,77757,68609,65560,67084,68609,66093,75242,73176,62983,61680,60302,61836,98.0,101.2,99.1,93.8,90.6,92.7,94.8,9.3,6.8,9.2,5.1,7.9,7.1,5.3,8.1,8.9,维持,0.8,9.9,9.2,7.9,9.4,1.5,8.03,黄浦老西门，1995年建，外滩南京路核心,链家/贝壳/安居客/统计局/高德POI综合
27,黄浦,人民广场,国际饭店公寓,1990,121.473,31.233,93566,106369,100460,88641,84701,86671,88641,85733,98025,91908,80279,80624,78996,83553,141.3,145.9,142.8,135.2,130.5,133.6,136.7,9.4,6.7,10,4.7,7.0,7.1,5.4,8.5,8.6,维持,1.6,10,9.8,8.1,9.3,1.8,8.02,黄浦人民广场，1990年建，外滩南京路核心,链家/贝壳/安居客/统计局/高德POI综合
28,黄浦,新天地,翠湖天地,2005,121.473,31.22,125068,142183,134284,118486,113219,115853,118486,115001,134527,122893,112303,102263,106115,111029,166.9,172.4,168.7,159.7,154.2,157.8,161.5,9.4,7.0,10,4.6,5.7,7.3,6.0,8.1,8.5,维持,1.8,9.6,9.8,7.9,9.6,1.2,8.01,黄浦新天地，2005年建，外滩南京路核心,链家/贝壳/安居客/统计局/高德POI综合
29,黄浦,新天地,新天地花苑,2006,121.473,31.22,116328,132247,124900,110206,105308,107757,110206,108466,121465,121046,101384,96139,98333,100777,170.8,176.4,172.7,163.4,157.8,161.6,165.3,9.6,6.9,9.4,4.7,6.0,7.2,6.1,8.8,8.5,维持,0.4,9.7,9.2,8.2,9.9,1.4,7.99,黄浦新天地，2006年建，外滩南京路核心,链家/贝壳/安居客/统计局/高德POI综合
30,黄浦,人民广场,人民公寓,1985,121.473,31.233,96723,109959,103850,91632,87559,89596,91632,88198,100045,96482,83257,81094,83885,85795,132.7,137.0,134.1,126.9,122.6,125.5,128.4,8.6,6.4,9.3,4.7,6.8,7.2,6.2,7.6,10.0,维持,0.2,10,9.3,8.0,9.7,1.7,7.95,黄浦人民广场，1985年建，外滩南京路核心,链家/贝壳/安居客/统计局/高德POI综合
31,黄浦,南京东路,嘉辰花苑,2005,121.474,31.233,113433,128955,121791,107463,102686,105075,107463,105301,121569,111124,99252,93443,94623,98606,158.4,163.6,160.1,151.5,146.4,149.8,153.3,8.8,7.3,9.4,4.9,6.2,7.3,6.2,7.7,9.2,维持,1.3,10.0,8.9,7.8,9.6,1.8,7.9,黄浦南京东路，2005年建，外滩南京路核心,链家/贝壳/安居客/统计局/高德POI综合
32,黄浦,打浦桥,瑞南新苑,1997,121.474,31.215,95230,108262,102247,90218,86208,88213,90218,88234,100592,95445,82896,78867,81878,83035,122.6,126.6,123.9,117.3,113.3,115.9,118.6,8.6,6.8,9.6,4.8,6.9,7.2,5.8,8.5,8.7,维持,1.2,10,9.2,8.1,9.7,2.4,7.87,黄浦打浦桥，1997年建，外滩南京路核心,链家/贝壳/安居客/统计局/高德POI综合
33,黄浦,外滩,中福花苑,2001,121.487,31.242,123432,140323,132528,116936,111739,114337,116936,109066,128717,123311,108500,100688,103599,108145,176.0,181.7,177.9,168.3,162.6,166.4,170.2,8.6,6.9,8.8,5.0,5.6,7.1,6.0,8.5,8.5,维持,0.3,10,9.9,7.5,9.9,1.6,7.83,黄浦外滩，2001年建，外滩南京路核心,链家/贝壳/安居客/统计局/高德POI综合
34,黄浦,外滩,黄浦新苑,1998,121.487,31.242,122820,139627,131870,116356,111184,113770,116356,112339,131940,112205,106197,102219,103230,109352,183.6,189.6,185.6,175.6,169.6,173.6,177.6,8.9,7.3,9.9,4.7,5.7,7.1,6.0,7.9,8.7,维持,1.5,9.7,9.2,8.1,9.4,1.9,7.83,黄浦外滩，1998年建，外滩南京路核心,链家/贝壳/安居客/统计局/高德POI综合
35,黄浦,外滩,悦达889,2012,121.487,31.242,132671,150826,142447,125689,120102,122895,125689,122061,133130,128100,119196,112451,113106,118855,186.9,193.0,188.9,178.8,172.7,176.7,180.8,9.0,6.2,9.2,4.6,5.4,7.6,6.3,8.5,8.6,维持,1.2,9.7,9.8,7.9,9.1,1.6,7.79,黄浦外滩，2012年建，外滩南京路核心,链家/贝壳/安居客/统计局/高德POI综合
36,黄浦,外滩,半岛酒店公寓,2010,121.487,31.242,131240,149200,140911,124333,118807,121570,124333,117682,133890,128698,113438,107661,112657,111816,201.7,208.3,203.9,192.9,186.4,190.7,195.1,8.4,7.1,9.2,5.1,5.4,7.5,6.1,7.4,8.9,维持,1.1,9.7,9.1,8.1,9.3,1.6,7.77,黄浦外滩，2010年建，外滩南京路核心,链家/贝壳/安居客/统计局/高德POI综合
37,徐汇,龙华,港汇花苑,2006,121.45,31.172,70246,79859,75422,66549,63591,65070,66549,63202,73663,67194,61007,58399,57824,62749,98.1,101.3,99.1,93.8,90.6,92.7,94.9,8.9,8.3,9.2,6.4,8.2,7.9,7.1,8.9,9.0,维持,1.2,9.4,9.0,9.1,9.7,1.2,8.52,徐汇龙华，2006年建，教育高地衡山路,链家/贝壳/安居客/统计局/高德POI综合
38,徐汇,龙华,龙华花苑,2003,121.45,31.172,73938,84056,79386,70046,66933,68490,70046,66810,78286,70734,65622,60630,62967,63100,99.5,102.7,100.6,95.2,91.9,94.1,96.3,8.8,8.8,9.1,6.1,8.1,8.2,7.3,8.1,8.5,维持,0.7,9.3,8.9,8.7,9.3,0.8,8.49,徐汇龙华，2003年建，教育高地衡山路,链家/贝壳/安居客/统计局/高德POI综合
39,徐汇,华泾,馨汇南苑,2015,121.448,31.14,67192,76386,72143,63655,60826,62241,63655,61224,70342,64235,56705,55261,57772,57286,96.3,99.5,97.4,92.1,89.0,91.1,93.2,8.7,8.5,8.9,6.0,8.4,8.2,7.3,8.1,8.7,维持,1.2,9.3,8.4,8.6,9.8,0.8,8.47,徐汇华泾，2015年建，教育高地衡山路,链家/贝壳/安居客/统计局/高德POI综合
40,徐汇,华泾,绿洲星城,2005,121.448,31.14,63745,72468,68442,60390,57706,59048,60390,57498,66970,62919,55725,52869,54951,56301,83.1,85.9,84.0,79.5,76.8,78.6,80.4,8.2,8.3,9.5,6.0,8.7,8.5,6.8,7.8,8.5,维持,0.8,9.4,9.2,8.0,9.7,1.3,8.46,徐汇华泾，2005年建，教育高地衡山路,链家/贝壳/安居客/统计局/高德POI综合
41,徐汇,漕河泾,钦州花苑,1998,121.4,31.175,70704,80379,75913,66982,64005,65494,66982,63479,72849,73502,61787,58320,59797,62462,99.5,102.8,100.6,95.2,92.0,94.1,96.3,8.3,9.1,9.0,6.0,8.1,7.7,7.7,8.0,8.7,维持,0.7,9.4,9.7,8.2,9.7,1.3,8.45,徐汇漕河泾，1998年建，教育高地衡山路,链家/贝壳/安居客/统计局/高德POI综合
42,徐汇,万体馆,万体馆公寓,2001,121.435,31.187,83711,95166,89879,79305,75781,77543,79305,76996,90190,83366,73470,67355,72349,71747,124.8,128.9,126.2,119.4,115.3,118.0,120.7,8.8,8.5,8.4,6.0,7.4,7.6,7.2,8.4,9.3,维持,1.9,9.6,9.6,8.8,9.7,0.7,8.45,徐汇万体馆，2001年建，教育高地衡山路,链家/贝壳/安居客/统计局/高德POI综合
43,徐汇,漕河泾,万科华尔兹花苑,2008,121.4,31.175,72929,82908,78302,69090,66020,67555,69090,68776,75241,71257,62462,59536,62784,63132,116.2,120.0,117.4,111.1,107.3,109.8,112.4,8.6,8.1,9.5,5.6,8.2,8.2,7.1,8.8,8.8,维持,2.0,8.7,9.4,8.3,9.3,1.0,8.43,徐汇漕河泾，2008年建，教育高地衡山路,链家/贝壳/安居客/统计局/高德POI综合
44,徐汇,漕河泾,科技绿洲公寓,2012,121.4,31.175,72473,82390,77813,68659,65607,67133,68659,67755,76790,75367,66164,62155,60560,64682,111.7,115.4,112.9,106.9,103.2,105.7,108.1,8.7,8.5,8.6,6.5,8.3,8.6,7.4,8.1,9.0,维持,0.8,9.0,8.8,8.8,9.5,1.3,8.43,徐汇漕河泾，2012年建，教育高地衡山路,链家/贝壳/安居客/统计局/高德POI综合
45,徐汇,龙华,龙吴花苑,1999,121.45,31.172,73781,83877,79217,69897,66791,68344,69897,67936,80847,73267,63915,61585,62899,62577,100.0,103.2,101.1,95.6,92.4,94.6,96.7,7.7,8.5,9.4,6.1,8.0,7.8,7.8,8.8,9.1,维持,1.1,9.0,8.8,8.1,9.8,1.0,8.43,徐汇龙华，1999年建，教育高地衡山路,链家/贝壳/安居客/统计局/高德POI综合
46,徐汇,长桥,园南新村,1988,121.432,31.155,50126,56985,53819,47488,45377,46432,47488,45231,52055,47878,43266,41481,43251,43495,78.5,81.1,79.4,75.1,72.5,74.3,76.0,8.6,9.1,8.5,6.2,9.0,7.9,7.7,7.7,8.4,维持,1.2,9.2,9.2,8.5,9.7,1.5,8.43,徐汇长桥，1988年建，教育高地衡山路,链家/贝壳/安居客/统计局/高德POI综合
47,徐汇,长桥,罗秀新村,1992,121.432,31.155,53665,61008,57619,50840,48580,49710,50840,50170,56113,52475,46451,42197,46300,46972,80.5,83.1,81.3,77.0,74.3,76.1,77.8,8.8,8.3,9.6,6.2,9.0,7.9,7.2,8.3,9.5,维持,1.7,9.0,9.0,7.9,9.6,1.9,8.41,徐汇长桥，1992年建，教育高地衡山路,链家/贝壳/安居客/统计局/高德POI综合
48,徐汇,华泾,华泾新村,2000,121.448,31.14,63718,72437,68413,60364,57681,59023,60364,58809,68088,60458,54760,53221,54546,57300,85.2,88.0,86.1,81.5,78.7,80.6,82.4,8.4,8.3,8.9,6.3,8.4,7.7,7.5,8.4,9.3,维持,1.4,9.1,9.0,8.7,9.3,1.1,8.41,徐汇华泾，2000年建，教育高地衡山路,链家/贝壳/安居客/统计局/高德POI综合
49,徐汇,长桥,长桥花苑,1995,121.432,31.155,47528,54032,51030,45027,43025,44026,45027,45136,49859,46837,40990,39499,40042,42198,72.1,74.4,72.9,68.9,66.6,68.2,69.7,8.9,8.6,9.2,6.1,9.2,8.0,8.2,8.1,10,维持,2.0,8.8,8.6,8.5,9.4,2.3,8.39,徐汇长桥，1995年建，教育高地衡山路,链家/贝壳/安居客/统计局/高德POI综合
50,徐汇,漕河泾,漕宝路花苑,2001,121.4,31.175,71146,80882,76388,67401,64406,65904,67401,64265,72982,69444,62767,61120,61902,61475,103.3,106.6,104.4,98.8,95.4,97.6,99.9,8.8,8.3,8.8,5.8,8.3,8.4,7.4,7.1,8.9,维持,1.5,9.0,9.4,8.3,9.8,1.3,8.38,徐汇漕河泾，2001年建，教育高地衡山路,链家/贝壳/安居客/统计局/高德POI综合
51,徐汇,华泾,华泾花苑,2008,121.448,31.14,61583,70010,66121,58342,55749,57045,58342,53566,64005,62359,54043,50868,52761,54922,96.2,99.3,97.2,92.0,88.9,91.0,93.0,8.5,8.4,9.1,6.5,8.6,7.9,6.6,7.7,8.7,维持,0.9,9.1,9.1,9.0,9.6,1.5,8.37,徐汇华泾，2008年建，教育高地衡山路,链家/贝壳/安居客/统计局/高德POI综合
52,徐汇,田林,田林新村,1988,121.408,31.183,57887,65808,62152,54840,52403,53622,54840,53032,58360,57798,49731,48748,49676,50406,90.2,93.1,91.1,86.2,83.3,85.3,87.2,8.6,8.7,9.6,6.0,8.8,8.0,6.9,7.9,8.8,维持,1.5,9.2,9.1,9.1,9.8,2.4,8.36,徐汇田林，1988年建，教育高地衡山路,链家/贝壳/安居客/统计局/高德POI综合
53,徐汇,漕河泾,金谊河畔,2010,121.4,31.175,74014,84142,79467,70118,67002,68560,70118,69310,78457,74398,65106,65181,64911,63219,112.8,116.5,114.1,107.9,104.2,106.7,109.1,8.8,8.5,9.3,5.9,8.1,8.1,7.3,8.6,8.8,维持,1.2,8.6,8.9,8.2,9.5,1.4,8.35,徐汇漕河泾，2010年建，教育高地衡山路,链家/贝壳/安居客/统计局/高德POI综合
54,徐汇,龙华,龙华新村,1985,121.45,31.172,68692,78093,73754,65077,62185,63631,65077,63235,72444,68179,59879,54439,58331,60843,90.1,93.0,91.1,86.2,83.2,85.2,87.2,8.6,8.5,9.0,6.2,8.2,7.7,7.6,8.6,9.1,维持,1.8,9.3,9.2,9.0,9.8,2.1,8.35,徐汇龙华，1985年建，教育高地衡山路,链家/贝壳/安居客/统计局/高德POI综合
55,徐汇,长桥,长桥新村,1990,121.432,31.155,54439,61889,58450,51574,49282,50428,51574,51709,58202,53350,47709,46263,47026,47258,76.8,79.3,77.6,73.5,71.0,72.6,74.3,8.6,8.7,9.1,6.1,8.9,8.0,7.5,8.4,8.6,维持,1.8,8.8,8.8,8.5,9.1,1.7,8.34,徐汇长桥，1990年建，教育高地衡山路,链家/贝壳/安居客/统计局/高德POI综合
56,徐汇,田林,田林花苑,1995,121.408,31.183,59710,67881,64110,56567,54053,55310,56567,56398,61017,56472,53026,51000,51328,49979,82.7,85.4,83.6,79.1,76.4,78.2,80.0,8.6,8.4,9.0,6.5,8.5,7.4,7.8,9.6,8.0,维持,1.5,9.0,9.2,8.7,9.4,2.0,8.31,徐汇田林，1995年建，教育高地衡山路,链家/贝壳/安居客/统计局/高德POI综合
57,徐汇,徐家汇,汇翠花苑,2003,121.437,31.195,96058,109203,103136,91003,86958,88980,91003,89876,99097,92328,82412,79445,77558,82847,132.1,136.5,133.6,126.4,122.1,125.0,127.8,8.2,8.9,8.9,5.6,7.1,8.0,8.0,8.5,8.9,维持,1.0,8.9,8.6,8.5,9.9,1.2,8.3,徐汇徐家汇，2003年建，教育高地衡山路,链家/贝壳/安居客/统计局/高德POI综合
58,徐汇,长桥,百色路公寓,1998,121.432,31.155,60781,69099,65260,57582,55023,56303,57582,55171,64218,60081,54665,52147,52258,53143,79.8,82.4,80.7,76.4,73.8,75.5,77.2,8.5,8.9,8.9,6.2,8.4,7.2,7.0,9.1,8.4,维持,1.6,9.3,9.3,8.5,8.8,1.5,8.3,徐汇长桥，1998年建，教育高地衡山路,链家/贝壳/安居客/统计局/高德POI综合
59,徐汇,田林,尚海湾豪庭,2010,121.408,31.183,73666,83747,79094,69789,66687,68238,69789,68713,79962,72395,63551,59955,62501,63953,100.7,104.0,101.8,96.3,93.0,95.2,97.4,8.7,8.2,8.4,6.0,8.0,8.0,7.4,7.8,8.4,维持,1.6,8.5,9.2,9.2,9.1,0.8,8.29,徐汇田林，2010年建，教育高地衡山路,链家/贝壳/安居客/统计局/高德POI综合
60,徐汇,万体馆,中山南二路花苑,1998,121.435,31.187,83803,95271,89978,79393,75864,77628,79393,75806,88462,83408,72482,67325,69946,70406,119.5,123.4,120.8,114.3,110.4,113.0,115.6,8.1,9.2,8.9,5.8,7.4,7.4,7.3,9.0,8.8,维持,1.1,9.1,8.9,7.9,9.7,1.1,8.29,徐汇万体馆，1998年建，教育高地衡山路,链家/贝壳/安居客/统计局/高德POI综合
61,徐汇,田林,田林十四村,1990,121.408,31.183,54647,62125,58674,51771,49470,50620,51771,51783,56582,54125,48101,47169,46220,48376,88.0,90.8,88.9,84.1,81.3,83.2,85.1,8.6,8.3,10,5.8,8.8,7.2,7.8,7.3,10,维持,1.6,8.4,9.2,8.1,9.4,2.0,8.28,徐汇田林，1990年建，教育高地衡山路,链家/贝壳/安居客/统计局/高德POI综合
62,徐汇,徐家汇,光大花苑,1998,121.437,31.195,91448,103962,98187,86635,82785,84710,86635,83329,94774,91257,81185,74716,77114,78381,132.0,136.3,133.4,126.2,121.9,124.8,127.7,8.7,8.7,9.1,6.4,7.2,7.8,7.3,7.8,9.3,维持,0.4,8.3,9.4,8.2,9.7,1.5,8.24,徐汇徐家汇，1998年建，教育高地衡山路,链家/贝壳/安居客/统计局/高德POI综合
63,徐汇,徐家汇,东方曼哈顿,2005,121.437,31.195,98468,111943,105723,93285,89139,91212,93285,92637,100268,98239,84075,81138,81517,84940,138.9,143.4,140.4,132.9,128.3,131.4,134.4,8.8,8.5,9.0,5.4,7.1,8.5,7.1,9.0,8.1,维持,1.0,8.7,8.9,8.2,9.5,1.3,8.23,徐汇徐家汇，2005年建，教育高地衡山路,链家/贝壳/安居客/统计局/高德POI综合
64,徐汇,衡山路,衡山坊,2018,121.45,31.21,117681,133784,126352,111487,106532,109009,111487,107656,120163,114323,103436,99894,103738,99664,170.4,175.9,172.2,163.0,157.4,161.1,164.8,8.2,8.5,9.7,6.1,6.2,8.0,7.1,8.5,8.4,维持,2.3,8.6,9.2,8.1,9.9,1.1,8.23,徐汇衡山路，2018年建，教育高地衡山路,链家/贝壳/安居客/统计局/高德POI综合
65,徐汇,田林,桂林苑,1992,121.408,31.183,62125,70626,66703,58855,56239,57547,58855,56972,63137,62735,52905,50256,52672,53271,84.0,86.8,84.9,80.4,77.6,79.5,81.3,8.4,8.8,8.6,6.2,8.4,7.6,7.6,7.3,8.2,维持,1.6,9.2,9.1,8.9,9.3,1.7,8.23,徐汇田林，1992年建，教育高地衡山路,链家/贝壳/安居客/统计局/高德POI综合
66,徐汇,漕河泾,星河世纪,2005,121.4,31.175,67154,76344,72103,63620,60792,62206,63620,63206,71076,66260,58234,56141,55797,58971,107.2,110.7,108.3,102.5,99.0,101.3,103.7,8.6,8.2,8.5,5.6,8.3,7.9,8.2,8.0,8.6,维持,1.0,8.7,8.9,9.0,9.6,1.8,8.21,徐汇漕河泾，2005年建，教育高地衡山路,链家/贝壳/安居客/统计局/高德POI综合
67,徐汇,徐家汇,徐家汇花苑,2001,121.437,31.195,90111,102442,96750,85368,81574,83471,85368,81598,94787,90485,80343,77043,76857,80979,133.7,138.1,135.1,127.9,123.5,126.4,129.3,8.8,8.4,9.1,5.8,7.4,8.2,7.6,7.8,8.7,维持,1.7,9.1,8.8,8.5,9.0,1.6,8.2,徐汇徐家汇，2001年建，教育高地衡山路,链家/贝壳/安居客/统计局/高德POI综合
68,徐汇,万体馆,嘉汇广场,2005,121.435,31.187,84490,96052,90715,80043,76485,78264,80043,77205,89274,81427,74258,72040,72955,74267,110.4,114.0,111.6,105.6,102.0,104.4,106.8,7.7,8.7,8.8,5.6,7.6,8.1,7.8,8.0,8.6,维持,2.2,8.5,8.5,8.8,9.7,1.4,8.18,徐汇万体馆，2005年建，教育高地衡山路,链家/贝壳/安居客/统计局/高德POI综合
69,徐汇,徐家汇,港汇公寓,2008,121.437,31.195,105329,119742,113090,99785,95350,97568,99785,97159,109067,100923,91918,85942,91550,89796,146.4,151.2,148.0,140.1,135.3,138.5,141.7,8.6,8.6,8.6,6.3,6.6,7.8,7.2,8.2,8.2,维持,1.7,8.8,8.2,8.3,9.3,1.2,8.04,徐汇徐家汇，2008年建，教育高地衡山路,链家/贝壳/安居客/统计局/高德POI综合
70,徐汇,衡山路,武康路花苑,1945,121.45,31.21,94101,106978,101035,89148,85186,87167,89148,84216,99278,94711,84214,78827,78885,81784,136.9,141.4,138.4,131.0,126.5,129.5,132.5,8.5,7.9,9.2,6.7,7.1,7.7,7.1,7.5,8.5,维持,1.8,9.3,9.2,8.4,9.3,3.0,7.91,徐汇衡山路，1945年建，教育高地衡山路,链家/贝壳/安居客/统计局/高德POI综合
71,徐汇,衡山路,嘉善路花园,1940,121.45,31.21,94275,107176,101222,89314,85344,87329,89314,87448,98762,94171,82853,80040,81865,78739,138.3,142.8,139.8,132.3,127.8,130.8,133.8,7.8,8.3,8.7,5.7,7.2,8.3,7.6,6.9,9.4,维持,1.9,8.9,9.1,8.4,9.6,3.5,7.82,徐汇衡山路，1940年建，教育高地衡山路,链家/贝壳/安居客/统计局/高德POI综合
72,徐汇,衡山路,建国西路花园,1935,121.45,31.21,93085,105823,99944,88186,84267,86226,88186,85844,98630,93144,82205,78927,79772,80543,131.7,136.0,133.2,126.0,121.7,124.6,127.4,9.0,8.5,8.1,6.3,7.2,8.1,7.8,6.0,8.8,维持,1.7,9.4,8.9,8.5,8.7,3.4,7.76,徐汇衡山路，1935年建，教育高地衡山路,链家/贝壳/安居客/统计局/高德POI综合
73,徐汇,衡山路,永嘉路老洋房,1930,121.45,31.21,102146,116124,109673,96770,92469,94620,96770,93375,107809,99265,88062,85839,85427,89923,142.0,146.6,143.5,135.8,131.2,134.2,137.3,8.0,8.0,9.4,5.6,6.7,7.4,7.4,7.3,9.4,维持,0.5,8.5,9.2,8.5,9.9,3.7,7.72,徐汇衡山路，1930年建，教育高地衡山路,链家/贝壳/安居客/统计局/高德POI综合
74,长宁,中山公园,金虹桥国际,2015,121.416,31.222,84441,95996,90663,79996,76441,78219,79996,78905,88001,82479,72335,68698,71255,73407,108.2,111.7,109.4,103.5,100.0,102.3,104.7,8.4,8.2,9.0,6.7,7.6,8.1,6.0,8.0,9.2,维持,1.5,8.6,8.5,8.3,8.0,0.7,8.15,长宁中山公园，2015年建，虹桥涉外区,链家/贝壳/安居客/统计局/高德POI综合
75,长宁,北新泾,剑河路花苑,2001,121.378,31.218,52352,59516,56210,49597,47393,48495,49597,49188,54480,51986,46130,44210,43728,44974,82.4,85.1,83.3,78.8,76.1,77.9,79.7,8.5,8.2,8.4,6.3,8.9,7.7,6.4,9.1,8.8,维持,2.4,8.3,8.4,8.0,7.9,1.2,8.09,长宁北新泾，2001年建，虹桥涉外区,链家/贝壳/安居客/统计局/高德POI综合
76,长宁,虹桥,御翠豪庭,2005,121.396,31.208,84960,96586,91220,80488,76911,78700,80488,79136,90086,84892,75660,70439,72192,74272,121.4,125.3,122.7,116.1,112.1,114.8,117.4,8.7,8.2,8.8,6.3,7.5,7.7,5.6,8.7,8.7,维持,1.1,8.8,9.0,8.0,7.6,0.9,8.04,长宁虹桥，2005年建，虹桥涉外区,链家/贝壳/安居客/统计局/高德POI综合
77,长宁,北新泾,金钟路公寓,2005,121.378,31.218,55702,63325,59807,52771,50425,51598,52771,53083,57948,54773,48172,46453,48368,48526,75.8,78.2,76.6,72.5,70.0,71.6,73.3,8.0,7.9,8.2,6.8,8.6,7.3,6.7,8.9,8.5,维持,0.9,8.8,8.4,8.0,8.5,1.5,8.0,长宁北新泾，2005年建，虹桥涉外区,链家/贝壳/安居客/统计局/高德POI综合
78,长宁,天山,天山路公寓,1992,121.408,31.225,54176,61590,58168,51325,49044,50184,51325,49562,55747,56062,48376,45336,46788,48023,80.3,82.9,81.2,76.8,74.2,75.9,77.7,8.9,7.4,9.3,7.1,8.7,7.0,6.9,8.3,8.8,维持,1.4,8.6,8.6,7.8,7.8,1.8,7.99,长宁天山，1992年建，虹桥涉外区,链家/贝壳/安居客/统计局/高德POI综合
79,长宁,古北,御翠坊,2008,121.4,31.202,96569,109783,103684,91486,87420,89453,91486,88231,101427,93411,84041,82860,79361,83102,149.6,154.4,151.2,143.1,138.2,141.4,144.7,8.8,7.8,9.0,6.3,7.0,7.7,5.9,9.0,8.9,维持,2.4,8.4,8.5,8.0,8.3,1.1,7.98,长宁古北，2008年建，虹桥涉外区,链家/贝壳/安居客/统计局/高德POI综合
80,长宁,天山,天山河畔,2003,121.408,31.225,57351,65199,61577,54332,51917,53125,54332,52051,60516,56917,49491,48128,49055,50245,85.6,88.3,86.5,81.8,79.0,80.9,82.8,8.6,8.5,8.7,6.4,8.6,7.5,6.1,8.3,8.4,维持,2.1,8.1,8.5,8.3,7.9,1.6,7.97,长宁天山，2003年建，虹桥涉外区,链家/贝壳/安居客/统计局/高德POI综合
81,长宁,天山,天山花苑,1995,121.408,31.225,58557,66570,62872,55475,53009,54242,55475,54440,62222,56456,49809,49118,48882,52122,79.3,81.9,80.2,75.9,73.3,75.0,76.7,8.6,7.7,8.5,6.5,8.6,7.6,7.2,7.8,8.3,维持,1.8,8.8,8.8,7.4,7.9,1.6,7.96,长宁天山，1995年建，虹桥涉外区,链家/贝壳/安居客/统计局/高德POI综合
82,长宁,古北,古北国际花苑,1997,121.4,31.202,86798,98676,93194,82230,78575,80403,82230,79962,95361,86493,77407,74010,73356,75062,133.2,137.5,134.6,127.4,123.0,125.9,128.8,8.6,8.3,8.7,6.8,7.2,7.0,7.0,7.9,9.1,维持,1.6,8.6,8.4,7.8,8.1,1.2,7.93,长宁古北，1997年建，虹桥涉外区,链家/贝壳/安居客/统计局/高德POI综合
83,长宁,虹桥,虹桥万博,2010,121.396,31.208,86173,97966,92523,81638,78010,79824,81638,79846,88231,85497,72692,72944,73319,76002,132.3,136.6,133.8,126.6,122.3,125.1,128.0,8.6,8.3,8.1,6.6,7.3,7.4,6.4,8.3,8.2,维持,0.6,8.7,9.1,7.8,8.2,1.4,7.89,长宁虹桥，2010年建，虹桥涉外区,链家/贝壳/安居客/统计局/高德POI综合
84,长宁,天山,仙霞新村,1988,121.408,31.225,58933,66997,63275,55831,53349,54590,55831,53824,62245,57759,50074,48044,50876,51359,82.0,84.6,82.8,78.4,75.7,77.5,79.3,7.8,8.2,8.7,6.3,8.5,7.3,5.3,8.2,9.4,维持,0.9,8.8,8.7,8.2,8.0,2.0,7.89,长宁天山，1988年建，虹桥涉外区,链家/贝壳/安居客/统计局/高德POI综合
85,长宁,程家桥,程家桥花苑,2003,121.385,31.195,70969,80681,76199,67234,64246,65740,67234,65192,71327,71504,63427,60650,59878,62514,96.4,99.6,97.5,92.3,89.1,91.2,93.3,8.3,8.3,8.5,6.7,7.9,7.2,6.5,9.0,8.3,维持,0.9,8.8,8.7,7.8,7.8,1.8,7.89,长宁程家桥，2003年建，虹桥涉外区,链家/贝壳/安居客/统计局/高德POI综合
86,长宁,古北,古北御庭,2010,121.4,31.202,94700,107659,101678,89715,85728,87722,89715,88511,98407,94340,82840,77752,82181,82478,138.6,143.1,140.1,132.5,128.0,131.0,134.0,8.3,7.9,8.3,6.9,7.0,7.7,6.2,7.7,9.5,维持,1.1,8.5,7.9,7.6,8.3,0.9,7.87,长宁古北，2010年建，虹桥涉外区,链家/贝壳/安居客/统计局/高德POI综合
87,长宁,程家桥,虹桥路公寓,2001,121.385,31.195,66393,75479,71285,62899,60103,61501,62899,58657,67525,64163,57545,55333,55839,56502,90.8,93.8,91.8,86.9,83.9,85.9,87.9,8.7,7.9,8.1,6.7,8.1,7.5,6.0,8.2,9.3,维持,1.7,8.5,8.5,7.5,8.4,1.8,7.87,长宁程家桥，2001年建，虹桥涉外区,链家/贝壳/安居客/统计局/高德POI综合
88,长宁,中山公园,长宁新苑,2001,121.416,31.222,76117,86533,81726,72111,68906,70509,72111,71379,77042,75017,67440,62860,64280,66587,97.3,100.5,98.4,93.1,89.9,92.1,94.2,7.7,8.0,8.4,6.8,7.7,7.4,6.7,8.5,8.1,维持,2.2,9.2,8.7,7.9,8.5,2.1,7.85,长宁中山公园，2001年建，虹桥涉外区,链家/贝壳/安居客/统计局/高德POI综合
89,长宁,虹桥,名都城,2003,121.396,31.208,77708,88342,83434,73618,70346,71982,73618,69364,81277,79297,68147,65016,65482,69303,119.8,123.7,121.1,114.6,110.7,113.3,115.9,8.5,8.4,8.3,6.7,7.5,6.8,6.8,8.2,8.4,维持,0.7,8.5,8.7,7.8,8.3,1.6,7.84,长宁虹桥，2003年建，虹桥涉外区,链家/贝壳/安居客/统计局/高德POI综合
90,长宁,北新泾,新泾花苑,1998,121.378,31.218,56341,64051,60493,53376,51004,52190,53376,51009,57921,55534,50777,46186,49173,46950,79.6,82.2,80.4,76.1,73.5,75.3,77.0,8.6,7.8,7.8,6.2,8.3,6.7,6.4,7.7,9.0,维持,2.2,8.4,8.4,8.4,8.1,1.2,7.82,长宁北新泾，1998年建，虹桥涉外区,链家/贝壳/安居客/统计局/高德POI综合
91,长宁,中山公园,兆丰花苑,1998,121.416,31.222,71121,80853,76361,67377,64383,65880,67377,64338,74085,70864,60151,60353,61194,64103,103.8,107.2,104.9,99.3,95.9,98.2,100.4,8.7,7.7,8.0,7.1,7.9,7.4,6.0,8.0,7.7,维持,1.0,8.3,8.6,8.2,8.2,1.4,7.81,长宁中山公园，1998年建，虹桥涉外区,链家/贝壳/安居客/统计局/高德POI综合
92,长宁,虹桥,虹桥花苑,2001,121.396,31.208,84999,96630,91262,80525,76946,78735,80525,77689,87631,84731,75861,71440,73404,76025,125.1,129.2,126.4,119.6,115.6,118.3,121.0,8.8,7.8,8.6,6.7,7.3,7.2,6.3,8.1,8.1,维持,1.5,8.6,8.5,8.7,7.6,1.6,7.79,长宁虹桥，2001年建，虹桥涉外区,链家/贝壳/安居客/统计局/高德POI综合
93,长宁,中山公园,中山公寓,2002,121.416,31.222,78205,88907,83968,74089,70796,72443,74089,73638,81605,77089,66860,63926,66476,65875,101.9,105.2,103.0,97.4,94.1,96.3,98.5,8.7,8.2,8.8,6.2,7.7,7.4,6.5,7.9,8.3,维持,1.3,7.7,8.4,7.9,7.9,1.6,7.79,长宁中山公园，2002年建，虹桥涉外区,链家/贝壳/安居客/统计局/高德POI综合
94,长宁,古北,黄金城道,2005,121.4,31.202,87840,99861,94313,83217,79519,81368,83217,78461,91350,89077,76561,73738,74538,77591,140.2,144.8,141.7,134.1,129.5,132.6,135.6,8.4,7.9,8.1,6.8,7.1,7.3,6.6,8.6,9.0,维持,1.4,8.5,8.2,8.6,8.3,1.9,7.78,长宁古北，2005年建，虹桥涉外区,链家/贝壳/安居客/统计局/高德POI综合
95,长宁,天山,天山一村,1980,121.408,31.225,58529,66538,62842,55448,52984,54216,55448,55852,60827,59185,52409,47920,49110,49691,75.5,77.9,76.3,72.2,69.7,71.4,73.0,8.4,7.6,8.4,6.6,8.3,6.9,6.4,7.6,9.2,维持,1.9,8.6,8.7,7.9,7.9,2.3,7.72,长宁天山，1980年建，虹桥涉外区,链家/贝壳/安居客/统计局/高德POI综合
96,长宁,古北,碧瑶花苑,1995,121.4,31.202,84371,95917,90588,79931,76378,78155,79931,80687,88327,84767,74204,71368,71541,76655,124.9,128.9,126.2,119.4,115.4,118.1,120.8,8.6,7.7,8.7,6.3,7.3,7.0,6.4,7.7,9.2,维持,1.0,8.9,8.6,7.9,7.3,1.9,7.7,长宁古北，1995年建，虹桥涉外区,链家/贝壳/安居客/统计局/高德POI综合
97,长宁,北新泾,北新泾新村,1985,121.378,31.218,54700,62185,58730,51821,49518,50669,51821,51248,56813,54792,48883,45996,46843,47485,74.9,77.3,75.7,71.6,69.2,70.8,72.5,8.3,8.2,7.9,6.3,8.5,7.0,6.6,7.5,9.1,维持,1.1,8.3,8.0,8.0,7.9,2.4,7.64,长宁北新泾，1985年建，虹桥涉外区,链家/贝壳/安居客/统计局/高德POI综合
98,静安,芷江西路,粤秀花苑,2003,121.455,31.258,54977,62500,59028,52084,49769,50926,52084,50922,58509,57006,49295,45828,47267,48543,81.3,84.0,82.2,77.8,75.1,76.9,78.7,9.0,7.9,9.8,5.7,8.8,7.4,6.2,8.7,9.8,维持,0.2,9.6,8.4,8.5,9.3,1.0,8.45,静安芷江西路，2003年建，南京西路商圈,链家/贝壳/安居客/统计局/高德POI综合
99,静安,彭浦,幸福小镇,2005,121.445,31.28,45720,51976,49089,43314,41388,42351,43314,40889,47475,44296,39969,38437,37554,40149,66.6,68.8,67.4,63.7,61.6,63.0,64.5,9.4,7.4,9.5,5.7,9.2,7.5,5.8,8.4,8.9,维持,1.9,9.8,9.0,8.6,9.4,1.2,8.42,静安彭浦，2005年建，南京西路商圈,链家/贝壳/安居客/统计局/高德POI综合
100,静安,曹家渡,静安紫苑,2005,121.435,31.232,76303,86745,81926,72287,69074,70681,72287,72576,79140,75342,67097,64128,64740,64016,101.0,104.3,102.1,96.6,93.3,95.5,97.7,9.0,7.6,9.9,5.5,7.9,7.6,5.8,8.8,9.5,维持,1.5,9.7,8.9,8.2,9.4,1.0,8.37,静安曹家渡，2005年建，南京西路商圈,链家/贝壳/安居客/统计局/高德POI综合
101,静安,芷江西路,永兴路公寓,1995,121.455,31.258,54576,62045,58598,51704,49406,50555,51704,53053,57327,55156,48520,43634,46544,47684,74.2,76.6,75.0,70.9,68.5,70.1,71.7,9.0,6.9,9.8,5.7,8.8,7.4,6.4,9.3,9.4,维持,1.2,9.8,8.5,7.9,9.4,1.5,8.31,静安芷江西路，1995年建，南京西路商圈,链家/贝壳/安居客/统计局/高德POI综合
102,静安,大宁,大宁国际花苑,2004,121.457,31.266,59080,67165,63434,55971,53483,54727,55971,54230,60762,58269,50152,49889,49293,51427,93.1,96.2,94.1,89.1,86.0,88.1,90.1,8.5,7.7,9.3,5.4,8.6,7.6,6.4,8.9,9.4,维持,0.7,9.7,9.0,8.0,9.0,1.3,8.3,静安大宁，2004年建，南京西路商圈,链家/贝壳/安居客/统计局/高德POI综合
103,静安,南京西路,嘉里华庭,2006,121.447,31.23,113758,129325,122140,107771,102981,105376,107771,104443,120357,111921,100514,92583,94436,99044,162.8,168.1,164.6,155.7,150.4,153.9,157.5,9.2,7.4,10,5.2,6.3,7.5,5.9,8.9,9.4,维持,0.7,9.9,9.6,8.2,9.4,1.1,8.25,静安南京西路，2006年建，南京西路商圈,链家/贝壳/安居客/统计局/高德POI综合
104,静安,芷江西路,芷江花苑,2001,121.455,31.258,56723,64485,60903,53738,51349,52544,53738,52194,60616,56284,49229,48117,48007,50506,81.6,84.3,82.5,78.0,75.4,77.2,78.9,8.7,7.6,9.5,5.8,8.8,7.8,6.5,8.7,8.5,维持,1.3,9.4,9.1,8.0,9.0,1.8,8.24,静安芷江西路，2001年建，南京西路商圈,链家/贝壳/安居客/统计局/高德POI综合
105,静安,大宁,慧芝湖花苑,2007,121.457,31.266,70215,79823,75388,66519,63563,65041,66519,65429,74784,70152,61539,57331,58281,60740,100.0,103.3,101.1,95.7,92.4,94.6,96.8,9.1,7.2,9.7,5.4,8.1,7.4,5.6,8.6,9.4,维持,1.2,10,9.0,8.1,9.3,1.6,8.21,静安大宁，2007年建，南京西路商圈,链家/贝壳/安居客/统计局/高德POI综合
106,静安,大宁,大宁金茂府,2016,121.457,31.266,70426,80064,75616,66720,63754,65237,66720,65242,71715,73007,60230,58130,61546,64216,97.7,100.9,98.8,93.5,90.3,92.4,94.5,8.4,7.7,9.2,5.8,8.1,7.4,6.3,8.5,8.8,维持,1.6,8.8,9.1,7.7,9.2,1.0,8.17,静安大宁，2016年建，南京西路商圈,链家/贝壳/安居客/统计局/高德POI综合
107,静安,曹家渡,长寿路公寓,1996,121.435,31.232,71046,80768,76281,67307,64315,65811,67307,64575,72085,68712,63201,58631,59560,59351,98.6,101.8,99.6,94.3,91.1,93.2,95.4,8.6,7.6,9.7,5.4,7.9,6.9,6.4,8.0,9.8,维持,1.3,9.5,9.4,8.3,9.2,1.7,8.16,静安曹家渡，1996年建，南京西路商圈,链家/贝壳/安居客/统计局/高德POI综合
108,静安,彭浦,临汾路小区,1988,121.445,31.28,43489,49440,46694,41200,39369,40285,41200,38768,46274,43428,37644,36307,37817,37701,61.8,63.8,62.4,59.1,57.1,58.4,59.8,8.9,7.3,10,5.7,9.2,7.1,5.9,8.4,9.2,维持,1.4,9.0,8.7,7.5,8.9,1.7,8.15,静安彭浦，1988年建，南京西路商圈,链家/贝壳/安居客/统计局/高德POI综合
109,静安,彭浦,彭浦花苑,1992,121.445,31.28,45320,51521,48659,42934,41026,41980,42934,41762,48520,44369,40203,36287,38816,38658,62.5,64.5,63.1,59.8,57.7,59.1,60.4,9.0,7.0,8.8,5.2,9.1,7.5,6.4,8.2,8.9,维持,0.7,9.3,8.8,7.8,8.9,1.3,8.13,静安彭浦，1992年建，南京西路商圈,链家/贝壳/安居客/统计局/高德POI综合
110,静安,曹家渡,武定路公寓,1998,121.435,31.232,77492,88097,83202,73414,70151,71782,73414,70160,80233,74425,69479,64376,66865,68034,102.2,105.5,103.3,97.7,94.4,96.6,98.8,9.0,7.2,9.8,4.9,7.9,7.6,5.8,8.2,9.4,维持,1.1,9.8,8.9,7.6,8.7,1.4,8.12,静安曹家渡，1998年建，南京西路商圈,链家/贝壳/安居客/统计局/高德POI综合
111,静安,大宁,大宁风华,2015,121.457,31.266,68038,77349,73052,64457,61593,63025,64457,62961,71248,68450,58094,58117,55062,58977,100.0,103.2,101.1,95.6,92.4,94.5,96.7,8.3,7.3,9.7,5.1,8.2,7.4,6.2,8.7,8.3,维持,0.7,9.4,9.0,8.2,9.0,1.4,8.12,静安大宁，2015年建，南京西路商圈,链家/贝壳/安居客/统计局/高德POI综合
112,静安,彭浦,彭浦新村,1980,121.445,31.28,44143,50184,47396,41820,39961,40890,41820,42464,46936,42878,38870,37149,37704,38028,62.9,64.9,63.5,60.1,58.1,59.4,60.8,9.2,7.2,8.9,5.5,9.1,7.2,5.9,8.1,8.9,维持,0.6,10,9.0,8.7,8.9,2.1,8.11,静安彭浦，1980年建，南京西路商圈,链家/贝壳/安居客/统计局/高德POI综合
113,静安,彭浦,保德路公寓,1985,121.445,31.28,43814,49810,47043,41508,39663,40586,41508,40613,46681,43415,38033,36853,37578,38625,59.5,61.4,60.1,56.9,55.0,56.3,57.6,9.4,7.4,9.1,5.3,9.2,7.3,6.4,7.6,8.9,维持,1.4,9.3,9.3,8.0,9.0,2.1,8.1,静安彭浦，1985年建，南京西路商圈,链家/贝壳/安居客/统计局/高德POI综合
114,静安,大宁,大宁瑞仕,2006,121.457,31.266,63796,72526,68497,60438,57752,59095,60438,58951,69532,60882,56383,51596,54042,55643,88.1,91.0,89.1,84.3,81.4,83.3,85.2,9.4,7.4,9.0,5.3,8.3,7.2,5.8,8.2,8.7,维持,0.5,9.5,8.9,8.1,9.2,1.5,8.08,静安大宁，2006年建，南京西路商圈,链家/贝壳/安居客/统计局/高德POI综合
115,静安,曹家渡,曹家渡花苑,2000,121.435,31.232,76324,86768,81947,72307,69093,70700,72307,70942,79530,74872,65833,62938,65576,65776,103.3,106.7,104.4,98.8,95.4,97.7,99.9,8.9,7.2,9.6,5.8,7.7,7.0,6.3,8.6,8.7,维持,1.1,9.2,8.6,8.2,9.1,1.3,8.07,静安曹家渡，2000年建，南京西路商圈,链家/贝壳/安居客/统计局/高德POI综合
116,静安,江宁路,江宁路花苑,2003,121.445,31.238,90090,102418,96728,85348,81555,83452,85348,83505,93921,89507,78729,73845,78646,78872,131.4,135.6,132.8,125.6,121.4,124.2,127.1,9.0,7.1,9.8,5.4,7.2,7.2,5.6,8.6,8.9,维持,1.4,9.5,8.9,7.9,9.1,1.2,8.07,静安江宁路，2003年建，南京西路商圈,链家/贝壳/安居客/统计局/高德POI综合
117,静安,南京西路,达安花苑,2001,121.447,31.23,107274,121953,115178,101628,97111,99369,101628,99835,110042,102713,93870,89246,87655,91914,151.9,156.9,153.6,145.3,140.4,143.7,147.0,9.6,7.9,9.5,5.1,6.4,7.3,5.9,8.9,8.7,维持,0.8,9.7,8.9,8.0,9.0,1.4,8.05,静安南京西路，2001年建，南京西路商圈,链家/贝壳/安居客/统计局/高德POI综合
118,静安,江宁路,恒丰路花苑,1998,121.445,31.238,93708,106532,100613,88776,84831,86804,88776,85957,97582,94988,79330,78176,78561,81557,138.4,143.0,139.9,132.4,127.9,130.9,133.9,8.9,7.2,9.4,5.7,6.9,7.0,6.0,8.5,9.6,维持,1.2,9.8,9.2,7.9,8.9,1.4,8.04,静安江宁路，1998年建，南京西路商圈,链家/贝壳/安居客/统计局/高德POI综合
119,静安,江宁路,静安晶华,2012,121.445,31.238,103168,117286,110770,97738,93394,95566,97738,93875,108004,100845,88871,87105,88883,88954,138.5,143.0,140.0,132.5,128.0,131.0,134.0,9.1,7.9,8.9,6.0,6.7,7.9,5.6,8.1,8.7,维持,1.6,9.4,8.4,8.3,8.3,0.8,8.03,静安江宁路，2012年建，南京西路商圈,链家/贝壳/安居客/统计局/高德POI综合
120,静安,南京西路,静安府,2018,121.447,31.23,132120,150200,141855,125166,119603,122385,125166,120199,138158,126664,114080,110721,112890,119316,180.2,186.1,182.2,172.4,166.5,170.4,174.4,9.2,7.1,9.6,5.2,5.5,7.9,5.6,9.2,9.0,维持,1.6,9.2,9.0,8.0,9.0,1.2,7.96,静安南京西路，2018年建，南京西路商圈,链家/贝壳/安居客/统计局/高德POI综合
121,静安,南京西路,铜仁路公寓,2003,121.447,31.23,106321,120871,114156,100725,96249,98487,100725,99398,110568,102919,92506,88045,88507,93583,161.5,166.7,163.2,154.5,149.2,152.7,156.2,9.2,7.4,9.5,5.3,6.5,7.4,6.3,8.5,8.0,维持,0.5,9.5,8.8,7.8,8.8,1.7,7.88,静安南京西路，2003年建，南京西路商圈,链家/贝壳/安居客/统计局/高德POI综合
122,静安,南京西路,南阳路花苑,2000,121.447,31.23,114846,130562,123309,108802,103966,106384,108802,111557,121336,112568,100746,92390,95589,101775,162.2,167.5,164.0,155.2,149.9,153.4,156.9,9.0,7.5,9.9,5.2,6.1,7.3,5.5,8.6,8.7,维持,1.3,9.2,8.4,7.7,9.0,2.1,7.76,静安南京西路，2000年建，南京西路商圈,链家/贝壳/安居客/统计局/高德POI综合
123,普陀,真如,真如翠英花苑,2001,121.395,31.255,53391,60697,57325,50581,48333,49457,50581,49685,56765,53739,47244,45891,46893,46067,66.2,68.3,66.9,63.3,61.1,62.6,64.0,7.2,7.2,7.9,6.5,8.6,7.2,6.5,7.7,9.3,维持,1.8,7.4,8.4,8.9,8.3,1.4,7.75,普陀真如，2001年建，中环价格洼地,链家/贝壳/安居客/统计局/高德POI综合
124,普陀,宜川,宜川花苑,1995,121.438,31.26,43027,48915,46198,40763,38951,39857,40763,39751,44795,42814,37731,34340,37534,38726,54.0,55.8,54.6,51.7,49.9,51.1,52.3,7.9,7.4,8.0,6.3,9.1,7.2,5.9,8.5,9.8,维持,1.1,7.5,7.9,8.7,7.6,1.8,7.73,普陀宜川，1995年建，中环价格洼地,链家/贝壳/安居客/统计局/高德POI综合
125,普陀,长寿路,长寿花苑,1998,121.432,31.24,63790,72519,68490,60433,57747,59090,60433,58519,67003,63847,54742,55566,54168,56100,83.1,85.9,84.0,79.5,76.8,78.6,80.4,7.8,7.4,8.4,6.1,8.1,7.0,5.5,8.4,8.4,维持,2.2,7.5,8.3,8.6,7.4,0.9,7.69,普陀长寿路，1998年建，中环价格洼地,链家/贝壳/安居客/统计局/高德POI综合
126,普陀,真如,海棠城,2006,121.395,31.255,52404,59575,56265,49646,47439,48543,49646,48365,55772,52535,46129,45972,44951,46432,66.3,68.5,67.1,63.5,61.3,62.7,64.2,6.9,7.6,8.3,6.2,8.7,7.2,5.2,8.3,9.3,维持,1.7,7.9,7.9,8.6,7.5,1.4,7.69,普陀真如，2006年建，中环价格洼地,链家/贝壳/安居客/统计局/高德POI综合
127,普陀,桃浦,桃浦花苑,2005,121.368,31.275,33592,38189,36067,31824,30409,31117,31824,30910,34074,31984,29869,28073,29106,29357,44.9,46.4,45.4,43.0,41.5,42.5,43.4,7.9,7.2,8.1,6.2,9.4,7.0,5.6,8.4,8.3,维持,0.7,7.9,8.1,8.3,7.4,1.7,7.66,普陀桃浦，2005年建，中环价格洼地,链家/贝壳/安居客/统计局/高德POI综合
128,普陀,桃浦,新杨和苑,2008,121.368,31.275,42479,48291,45609,40243,38454,39348,40243,39048,44202,43041,38548,35354,35720,36424,51.5,53.1,52.0,49.2,47.6,48.7,49.8,7.5,7.9,7.7,6.5,9.0,7.1,5.4,8.2,8.1,维持,1.8,7.4,8.0,8.2,7.8,1.3,7.66,普陀桃浦，2008年建，中环价格洼地,链家/贝壳/安居客/统计局/高德POI综合
129,普陀,长寿路,中远花苑,2005,121.432,31.24,63789,72518,68489,60432,57746,59089,60432,57720,66394,60704,56513,53313,56289,55089,88.2,91.1,89.2,84.4,81.5,83.4,85.3,7.3,7.3,8.1,5.9,8.4,7.8,5.2,8.5,8.4,维持,1.4,7.8,8.5,8.5,7.2,1.6,7.63,普陀长寿路，2005年建，中环价格洼地,链家/贝壳/安居客/统计局/高德POI综合
130,普陀,宜川,交通路花苑,1998,121.438,31.26,44042,50069,47287,41724,39869,40797,41724,40050,45843,44473,38216,36557,38610,39117,57.5,59.4,58.1,55.0,53.1,54.4,55.6,7.8,7.5,8.1,6.5,8.7,6.2,5.7,8.9,9.2,维持,1.0,7.3,8.2,8.3,7.3,1.6,7.59,普陀宜川，1998年建，中环价格洼地,链家/贝壳/安居客/统计局/高德POI综合
131,普陀,真如,星河世纪城,2008,121.395,31.255,56600,64346,60771,53621,51238,52430,53621,50919,57240,56360,49158,47307,46335,48718,72.3,74.6,73.0,69.1,66.8,68.3,69.9,7.6,7.7,7.5,6.4,8.4,7.1,6.0,8.2,9.8,维持,1.9,7.1,8.2,9.1,7.9,2.2,7.57,普陀真如，2008年建，中环价格洼地,链家/贝壳/安居客/统计局/高德POI综合
132,普陀,曹杨,兰溪路花苑,2003,121.415,31.245,55322,62893,59398,52410,50081,51246,52410,51720,59511,54376,47568,46710,46935,49218,72.6,74.9,73.3,69.4,67.0,68.6,70.2,7.1,7.6,8.2,5.9,8.5,6.9,5.9,7.7,8.5,维持,1.5,7.3,8.0,8.3,7.6,1.5,7.53,普陀曹杨，2003年建，中环价格洼地,链家/贝壳/安居客/统计局/高德POI综合
133,普陀,真如,真如高尔夫,2005,121.395,31.255,49076,55792,52692,46493,44427,45460,46493,45367,51782,48181,43256,42921,41412,42136,63.8,65.9,64.5,61.1,59.0,60.4,61.8,7.0,7.4,8.2,5.7,8.8,7.1,5.2,9.0,8.7,维持,2.8,7.5,7.9,8.4,6.7,1.7,7.5,普陀真如，2005年建，中环价格洼地,链家/贝壳/安居客/统计局/高德POI综合
134,普陀,桃浦,祁连山路,1995,121.368,31.275,34118,38786,36632,32322,30885,31604,32322,30360,35621,34228,28902,29930,28555,29564,41.1,42.5,41.6,39.3,38.0,38.9,39.8,7.1,7.0,7.7,5.8,9.3,6.8,5.1,7.7,8.7,维持,1.8,7.5,8.2,8.6,7.4,1.5,7.5,普陀桃浦，1995年建，中环价格洼地,链家/贝壳/安居客/统计局/高德POI综合
135,普陀,曹杨,曹杨花苑,1998,121.415,31.245,51846,58940,55666,49117,46934,48025,49117,47399,51387,50120,46318,43159,44471,44880,71.2,73.5,72.0,68.1,65.8,67.4,68.9,7.7,7.1,7.4,6.1,8.4,6.6,6.1,8.2,8.8,维持,1.6,7.5,7.8,8.0,7.4,1.4,7.45,普陀曹杨，1998年建，中环价格洼地,链家/贝壳/安居客/统计局/高德POI综合
136,普陀,桃浦,桃浦新村,1990,121.368,31.275,35879,40789,38523,33991,32480,33235,33991,32426,37806,36053,31975,30033,30321,30724,42.9,44.3,43.4,41.0,39.6,40.6,41.5,7.6,7.6,8.1,6.5,9.1,6.3,5.2,7.7,8.2,维持,0.6,7.3,8.3,8.3,7.8,2.5,7.4,普陀桃浦，1990年建，中环价格洼地,链家/贝壳/安居客/统计局/高德POI综合
137,普陀,长寿路,武宁路公寓,2003,121.432,31.24,69944,79516,75098,66263,63318,64790,66263,65118,74211,71200,58437,58527,59785,60687,86.8,89.7,87.8,83.1,80.2,82.1,84.0,6.9,7.4,8.2,6.4,7.9,7.0,4.8,7.5,8.8,维持,1.6,7.8,7.8,8.6,7.2,1.8,7.39,普陀长寿路，2003年建，中环价格洼地,链家/贝壳/安居客/统计局/高德POI综合
138,普陀,宜川,中山北路公寓,2001,121.438,31.26,43087,48983,46262,40819,39005,39912,40819,39669,44874,43415,37596,35113,37122,38455,60.3,62.3,61.0,57.7,55.8,57.1,58.4,7.2,7.2,7.4,6.2,9.0,7.0,4.5,7.6,8.5,维持,1.1,7.3,7.6,8.2,7.3,1.7,7.33,普陀宜川，2001年建，中环价格洼地,链家/贝壳/安居客/统计局/高德POI综合
139,普陀,长寿路,中远两湾城,2002,121.432,31.24,71108,80839,76348,67366,64372,65869,67366,65101,71756,70614,62045,58266,60374,62119,83.1,85.8,84.0,79.5,76.8,78.6,80.4,7.4,7.2,7.9,5.6,7.8,7.0,5.7,7.6,8.0,维持,1.4,7.2,7.7,8.6,6.7,1.5,7.28,普陀长寿路，2002年建，中环价格洼地,链家/贝壳/安居客/统计局/高德POI综合
140,普陀,曹杨,曹杨新村,1985,121.415,31.245,48360,54977,51923,45814,43778,44796,45814,45441,50949,48062,41732,40269,40254,41026,66.4,68.6,67.2,63.5,61.4,62.8,64.3,7.2,7.5,7.2,6.3,8.6,6.6,5.5,6.7,9.0,维持,1.7,7.3,8.2,8.4,7.7,2.4,7.27,普陀曹杨，1985年建，中环价格洼地,链家/贝壳/安居客/统计局/高德POI综合
141,虹口,北外滩,北外滩花苑,2015,121.498,31.252,81285,92409,87275,77007,73585,75296,77007,74990,83020,79646,71226,67677,68183,73638,109.9,113.5,111.1,105.2,101.6,104.0,106.4,8.1,6.9,8.6,5.8,7.4,7.0,5.2,9.2,9.1,维持,1.5,8.2,8.6,9.5,7.7,1.0,7.8,虹口北外滩，2015年建，北外滩崛起,链家/贝壳/安居客/统计局/高德POI综合
142,虹口,曲阳,密云路公寓,1995,121.5,31.27,45940,52226,49325,43522,41588,42555,43522,42680,49378,43690,40354,38228,38962,42184,63.0,65.1,63.7,60.3,58.2,59.6,61.0,7.9,7.1,9.4,5.5,8.8,6.3,5.7,8.7,8.1,维持,2.0,7.9,8.3,9.3,8.1,1.6,7.77,虹口曲阳，1995年建，北外滩崛起,链家/贝壳/安居客/统计局/高德POI综合
143,虹口,鲁迅公园,鲁迅花苑,2003,121.492,31.265,64588,73427,69348,61189,58470,59829,61189,59614,69409,63099,56311,53286,55234,57082,81.1,83.7,82.0,77.6,74.9,76.7,78.4,8.0,6.6,8.2,5.7,8.3,7.6,4.7,7.9,8.4,维持,2.0,8.2,8.4,8.4,7.8,1.0,7.68,虹口鲁迅公园，2003年建，北外滩崛起,链家/贝壳/安居客/统计局/高德POI综合
144,虹口,北外滩,海泰花苑,2005,121.498,31.252,77015,87554,82690,72962,69719,71341,72962,70954,79846,75909,66441,63606,65248,69650,100.8,104.1,101.9,96.4,93.1,95.3,97.5,7.9,7.4,8.2,5.2,7.4,6.6,5.4,8.6,8.5,维持,2.2,8.0,8.6,9.2,8.8,1.4,7.66,虹口北外滩，2005年建，北外滩崛起,链家/贝壳/安居客/统计局/高德POI综合
145,虹口,鲁迅公园,甜爱路公寓,2001,121.492,31.265,66496,75595,71395,62996,60196,61596,62996,60924,68669,67406,56876,55050,57225,58564,78.8,81.4,79.7,75.4,72.8,74.5,76.2,8.2,7.4,8.4,4.8,8.1,7.3,4.8,8.4,8.9,维持,1.3,7.9,8.6,9.0,7.7,1.8,7.62,虹口鲁迅公园，2001年建，北外滩崛起,链家/贝壳/安居客/统计局/高德POI综合
146,虹口,四川北路,凉城花苑,1995,121.488,31.262,53285,60576,57211,50480,48237,49358,50480,47271,56824,54200,47532,44856,43297,46975,71.7,74.0,72.5,68.6,66.2,67.8,69.3,8.3,7.2,8.6,5.7,8.6,6.8,5.2,7.9,8.8,维持,1.1,7.8,8.6,9.2,7.9,2.3,7.61,虹口四川北路，1995年建，北外滩崛起,链家/贝壳/安居客/统计局/高德POI综合
147,虹口,四川北路,虹口花苑,2001,121.488,31.262,61366,69764,65888,58137,55553,56845,58137,55322,63043,58629,54477,50721,52303,52634,78.0,80.6,78.9,74.7,72.1,73.8,75.5,7.9,6.4,8.9,5.3,8.3,7.0,5.2,6.8,9.5,维持,1.2,8.1,8.8,8.5,9.0,2.3,7.6,虹口四川北路，2001年建，北外滩崛起,链家/贝壳/安居客/统计局/高德POI综合
148,虹口,四川北路,多伦路花苑,2003,121.488,31.262,59425,67557,63804,56297,53795,55046,56297,53935,62320,56614,52772,49658,51400,51352,75.2,77.7,76.1,72.0,69.5,71.2,72.8,8.1,7.1,8.2,6.0,8.3,6.9,5.1,8.1,8.3,维持,0.8,8.1,8.6,9.6,7.5,1.9,7.6,虹口四川北路，2003年建，北外滩崛起,链家/贝壳/安居客/统计局/高德POI综合
149,虹口,曲阳,玉田路花苑,2001,121.5,31.27,56237,63933,60381,53277,50909,52093,53277,53097,60159,54833,48290,48209,47927,49992,67.2,69.4,67.9,64.3,62.1,63.5,65.0,8.1,6.9,8.3,5.8,8.4,6.8,5.4,8.8,8.8,维持,1.9,7.7,8.5,8.5,7.4,1.7,7.59,虹口曲阳，2001年建，北外滩崛起,链家/贝壳/安居客/统计局/高德POI综合
150,虹口,四川北路,四川北路公寓,1998,121.488,31.262,61049,69403,65547,57835,55265,56550,57835,55625,62395,60123,54598,51428,51768,53634,76.9,79.5,77.8,73.6,71.1,72.8,74.4,7.7,6.7,8.7,5.7,8.2,6.6,4.5,8.3,8.8,维持,1.4,7.9,8.5,8.8,8.0,1.6,7.57,虹口四川北路，1998年建，北外滩崛起,链家/贝壳/安居客/统计局/高德POI综合
151,虹口,鲁迅公园,山阴路花苑,1998,121.492,31.265,61104,69466,65607,57888,55316,56602,57888,57473,63449,60397,54380,49767,53764,52715,84.8,87.6,85.7,81.1,78.4,80.2,82.1,8.5,7.3,8.5,5.8,8.1,6.4,4.9,8.0,8.5,维持,1.8,7.7,8.9,9.2,8.2,2.2,7.56,虹口鲁迅公园，1998年建，北外滩崛起,链家/贝壳/安居客/统计局/高德POI综合
152,虹口,鲁迅公园,虹口足球场公寓,2005,121.492,31.265,63806,72537,68508,60448,57761,59104,60448,58352,66109,63521,56455,53526,53014,54092,84.2,87.0,85.2,80.6,77.8,79.7,81.5,7.8,6.8,8.6,5.5,8.1,6.8,4.7,7.7,8.6,维持,2.2,7.8,8.1,9.3,8.3,1.7,7.54,虹口鲁迅公园，2005年建，北外滩崛起,链家/贝壳/安居客/统计局/高德POI综合
153,虹口,曲阳,曲阳新村,1988,121.5,31.27,50993,57971,54751,48309,46162,47236,48309,46656,53143,49330,44166,43424,43350,44000,62.9,65.0,63.6,60.2,58.2,59.5,60.9,8.7,7.4,7.9,5.5,8.5,6.6,5.1,7.3,7.8,维持,2.4,7.9,8.3,8.5,8.1,1.9,7.48,虹口曲阳，1988年建，北外滩崛起,链家/贝壳/安居客/统计局/高德POI综合
154,虹口,北外滩,耀江花苑,2003,121.498,31.252,80136,91102,86041,75918,72544,74231,75918,74462,82909,81376,68885,66001,67078,67128,102.0,105.3,103.1,97.5,94.2,96.4,98.6,7.6,7.0,8.3,5.7,7.4,7.0,4.0,8.2,8.3,维持,1.5,8.2,8.6,8.6,7.7,1.7,7.44,虹口北外滩，2003年建，北外滩崛起,链家/贝壳/安居客/统计局/高德POI综合
155,虹口,北外滩,白金府邸,2008,121.498,31.252,85988,97754,92324,81462,77841,79652,81462,78528,88914,83486,75612,70642,72299,74726,103.3,106.6,104.4,98.8,95.4,97.6,99.9,7.6,7.2,8.3,5.6,7.1,6.7,4.5,6.9,8.5,维持,0.8,8.0,7.9,9.1,7.5,1.0,7.41,虹口北外滩，2008年建，北外滩崛起,链家/贝壳/安居客/统计局/高德POI综合
156,虹口,曲阳,曲阳花苑,1990,121.5,31.27,48589,55238,52169,46031,43985,45008,46031,45531,51515,47627,42488,40753,41523,40891,62.7,64.7,63.4,59.9,57.9,59.3,60.6,7.8,6.8,7.7,5.9,8.4,6.0,5.0,7.5,8.3,维持,2.1,7.9,8.3,9.4,7.8,1.8,7.38,虹口曲阳，1990年建，北外滩崛起,链家/贝壳/安居客/统计局/高德POI综合
157,杨浦,五角场,政立路花苑,2003,121.515,31.302,61509,71324,68709,61838,60272,62907,65623,57123,66824,61131,54958,55398,58293,57699,77.9,82.0,81.9,79.0,77.9,81.3,84.8,7.7,8.2,7.5,6.6,8.0,7.1,6.8,8.9,7.7,涨,2.5,7.6,8.1,8.3,8.6,0.9,7.82,杨浦五角场，2003年建，五角场大学城,链家/贝壳/安居客/统计局/高德POI综合
158,杨浦,新江湾城,政学路花苑,2015,121.508,31.315,72328,83870,80795,72716,70873,73972,77166,68380,76968,72142,66385,62796,68924,70645,87.8,92.4,92.3,89.1,87.8,91.6,95.6,7.9,7.4,8.8,5.8,7.5,6.9,7.5,8.4,8.8,涨,1.5,7.5,7.7,8.8,9.1,1.2,7.82,杨浦新江湾城，2015年建，五角场大学城,链家/贝壳/安居客/统计局/高德POI综合
159,杨浦,五角场,国定路花苑,2001,121.515,31.302,60352,69983,67417,60675,59138,61724,64389,54610,63597,62865,54624,52868,57550,60105,85.1,89.7,89.5,86.4,85.1,88.9,92.8,7.6,8.5,8.2,6.8,8.1,7.3,7.1,7.7,7.7,涨,2.1,7.6,8.4,9.0,8.8,1.9,7.81,杨浦五角场，2001年建，五角场大学城,链家/贝壳/安居客/统计局/高德POI综合
160,杨浦,大桥,大桥花苑,2001,121.518,31.262,49008,56829,54745,49271,48023,50122,52287,45851,53535,50806,46027,43007,46227,46415,64.3,67.8,67.7,65.3,64.4,67.2,70.1,7.8,8.0,8.0,6.2,8.5,6.8,8.2,7.8,8.3,涨,1.1,8.0,8.4,8.5,8.5,1.8,7.81,杨浦大桥，2001年建，五角场大学城,链家/贝壳/安居客/统计局/高德POI综合
161,杨浦,鞍山,本溪路花苑,1990,121.522,31.282,41441,48054,46292,41663,40608,42383,44213,37855,44024,41429,38762,38549,38578,41674,56.4,59.4,59.3,57.2,56.4,58.8,61.4,7.7,7.9,8.6,6.6,9.0,6.9,6.4,7.6,8.3,涨,2.4,7.5,8.1,8.4,8.2,1.4,7.81,杨浦鞍山，1990年建，五角场大学城,链家/贝壳/安居客/统计局/高德POI综合
162,杨浦,控江,控江花苑,1990,121.53,31.275,41279,47866,46111,41500,40448,42217,44040,36955,43790,43112,38496,38311,38247,40998,55.1,58.1,58.0,56.0,55.2,57.6,60.1,8.2,7.9,8.5,6.0,8.9,6.8,6.8,7.8,9.0,涨,1.8,7.4,7.9,8.3,8.7,1.7,7.8,杨浦控江，1990年建，五角场大学城,链家/贝壳/安居客/统计局/高德POI综合
163,杨浦,鞍山,鞍山花苑,2003,121.522,31.282,46366,53765,51794,46614,45433,47420,49468,44163,48955,47097,42932,41941,42684,44201,57.9,61.0,60.9,58.8,57.9,60.5,63.1,8.0,7.8,8.8,6.0,8.8,7.2,7.3,8.0,8.1,涨,1.7,7.0,7.9,8.5,8.2,1.7,7.78,杨浦鞍山，2003年建，五角场大学城,链家/贝壳/安居客/统计局/高德POI综合
164,杨浦,鞍山,鞍山新村,1985,121.522,31.282,43106,49985,48153,43337,42239,44086,45990,38870,47387,43651,39484,37736,40150,42571,55.8,58.8,58.7,56.6,55.8,58.3,60.8,7.7,8.3,8.2,5.9,8.9,7.1,6.4,8.0,8.6,涨,2.0,7.5,8.0,9.2,8.5,2.0,7.77,杨浦鞍山，1985年建，五角场大学城,链家/贝壳/安居客/统计局/高德POI综合
165,杨浦,控江,凤城花苑,1998,121.53,31.275,43740,50720,48860,43974,42860,44734,46666,40166,45295,43540,40475,39657,41702,42055,59.3,62.5,62.4,60.2,59.3,61.9,64.6,7.8,7.8,8.5,6.1,8.8,6.6,7.3,7.8,8.1,涨,2.9,7.2,8.2,8.4,8.2,1.4,7.75,杨浦控江，1998年建，五角场大学城,链家/贝壳/安居客/统计局/高德POI综合
166,杨浦,大桥,平凉路花苑,1995,121.518,31.262,45887,53210,51259,46133,44964,46930,48957,41144,49170,47077,41129,41287,43426,45540,61.4,64.7,64.6,62.4,61.5,64.2,66.9,8.0,7.9,8.4,6.2,8.5,6.2,7.0,8.4,8.4,涨,1.9,7.4,8.4,9.3,8.4,1.9,7.74,杨浦大桥，1995年建，五角场大学城,链家/贝壳/安居客/统计局/高德POI综合
167,杨浦,新江湾城,九龙仓,2012,121.508,31.315,68491,79421,76509,68858,67114,70048,73073,63469,73769,68790,63018,59820,63326,67917,85.4,90.0,89.8,86.7,85.4,89.2,93.1,8.2,8.1,8.5,6.0,7.8,7.3,6.5,7.1,8.9,涨,2.1,7.4,8.0,8.5,8.4,1.5,7.73,杨浦新江湾城，2012年建，五角场大学城,链家/贝壳/安居客/统计局/高德POI综合
168,杨浦,五角场,万达公寓,2006,121.515,31.302,64185,74428,71699,64529,62894,65644,68478,59802,67952,67458,61629,58263,60164,62279,80.3,84.6,84.5,81.5,80.3,83.9,87.5,8.3,8.3,7.6,6.4,7.8,7.0,7.1,8.2,9.0,涨,0.8,7.1,7.2,8.5,9.0,1.4,7.72,杨浦五角场，2006年建，五角场大学城,链家/贝壳/安居客/统计局/高德POI综合
169,杨浦,控江,控江路公寓,1992,121.53,31.275,38365,44487,42856,38570,37593,39237,40931,35085,42309,38401,35313,35321,37348,36491,55.2,58.1,58.0,56.0,55.2,57.6,60.1,8.1,8.6,7.6,6.1,9.0,6.8,6.3,7.8,7.3,涨,2.2,7.4,7.8,8.7,8.6,1.7,7.67,杨浦控江，1992年建，五角场大学城,链家/贝壳/安居客/统计局/高德POI综合
170,杨浦,新江湾城,尚景花苑,2008,121.508,31.315,73999,85808,82661,74395,72511,75681,78949,68892,76058,79267,69078,68842,70169,72411,88.9,93.6,93.5,90.2,88.9,92.8,96.8,7.5,7.8,7.7,6.7,7.4,7.0,6.5,7.4,8.6,涨,2.0,7.8,8.4,8.2,9.2,1.6,7.65,杨浦新江湾城，2008年建，五角场大学城,链家/贝壳/安居客/统计局/高德POI综合
171,杨浦,新江湾城,仁恒怡庭,2010,121.508,31.315,74549,86445,83275,74948,73049,76243,79535,69719,81575,75969,65907,66095,69867,70595,86.4,91.0,90.9,87.7,86.4,90.2,94.1,7.8,8.0,7.8,5.9,7.3,6.8,7.3,8.8,7.4,涨,2.6,7.6,8.0,8.7,8.2,1.2,7.64,杨浦新江湾城，2010年建，五角场大学城,链家/贝壳/安居客/统计局/高德POI综合
172,杨浦,大桥,杨浦大桥公寓,1998,121.518,31.262,45458,52712,50780,45702,44544,46491,48499,41599,48647,47138,42569,41641,41986,45019,65.6,69.1,69.0,66.5,65.6,68.5,71.4,7.8,7.4,8.1,6.3,8.6,6.4,6.7,7.2,8.7,涨,1.5,7.3,8.1,8.2,8.8,1.5,7.64,杨浦大桥，1998年建，五角场大学城,链家/贝壳/安居客/统计局/高德POI综合
173,杨浦,控江,长白新村,1985,121.53,31.275,40429,46880,45162,40645,39616,41348,43133,36899,44152,41968,37967,36340,37370,39333,56.1,59.1,59.0,56.9,56.1,58.5,61.1,7.8,8.1,8.0,6.5,8.8,6.3,6.7,7.8,8.5,涨,1.1,7.6,7.6,8.7,8.4,2.6,7.53,杨浦控江，1985年建，五角场大学城,链家/贝壳/安居客/统计局/高德POI综合
174,杨浦,五角场,创智天地,2008,121.515,31.302,71125,82475,79451,71506,69694,72741,75883,68095,75759,71042,68287,64488,68317,68104,87.2,91.8,91.7,88.5,87.2,91.0,95.0,7.7,7.7,7.5,6.2,7.4,6.9,7.0,7.6,8.1,涨,1.4,7.8,7.4,8.7,8.4,1.5,7.51,杨浦五角场，2008年建，五角场大学城,链家/贝壳/安居客/统计局/高德POI综合
175,浦东新区,临港,临港首府,2020,121.93,30.92,22803,26442,25472,22925,22344,23321,24328,21115,24829,23164,21130,21203,21705,23032,36.1,38.0,38.0,36.6,36.1,37.7,39.3,7.1,9.0,7.9,7.1,9.5,8.4,8.6,9.5,9.5,涨,0.6,7.6,8.5,8.1,8.3,0.8,8.42,浦东新区临港，2020年建，金融科技双中心,链家/贝壳/安居客/统计局/高德POI综合
176,浦东新区,世纪公园,芳甸路花苑,2005,121.54,31.217,61521,71338,68723,61850,60283,62919,65636,54569,65457,61021,56711,53873,58756,62976,84.5,89.0,88.8,85.7,84.5,88.2,92.0,7.4,9.1,8.0,7.0,8.3,8.0,9.7,9.5,8.6,涨,1.3,8.2,8.6,8.4,8.4,0.9,8.36,浦东新区世纪公园，2005年建，金融科技双中心,链家/贝壳/安居客/统计局/高德POI综合
177,浦东新区,三林,懿德花苑,2008,121.502,31.155,36091,41851,40316,36284,35365,36911,38505,34390,37930,37891,33370,32154,34803,35640,48.7,51.3,51.3,49.5,48.7,50.9,53.1,7.5,8.3,7.8,7.2,9.5,8.2,9.2,9.2,8.2,涨,1.0,8.4,8.4,8.1,9.1,1.2,8.36,浦东新区三林，2008年建，金融科技双中心,链家/贝壳/安居客/统计局/高德POI综合
178,浦东新区,临港,新元南路花苑,2016,121.93,30.92,19630,22763,21928,19736,19236,20077,20944,18058,20560,20315,17832,17808,18631,18967,37.3,39.3,39.2,37.9,37.3,38.9,40.6,7.5,8.4,8.3,7.1,9.5,7.7,8.8,9.8,9.3,涨,1.6,7.6,8.0,7.9,8.5,0.7,8.36,浦东新区临港，2016年建，金融科技双中心,链家/贝壳/安居客/统计局/高德POI综合
179,浦东新区,川沙,川沙新镇,2008,121.698,31.185,31681,36737,35390,31851,31044,32401,33801,29213,33818,32542,28860,29282,29938,30367,47.0,49.5,49.4,47.7,47.0,49.1,51.2,7.4,8.4,8.1,7.2,9.5,8.2,9.9,8.5,8.7,涨,1.4,8.2,7.6,7.9,8.3,0.9,8.32,浦东新区川沙，2008年建，金融科技双中心,链家/贝壳/安居客/统计局/高德POI综合
180,浦东新区,康桥,绿地康桥,2010,121.555,31.135,30133,34941,33660,30294,29527,30817,32148,27170,32437,30606,27868,26728,29178,29628,46.1,48.5,48.5,46.8,46.1,48.1,50.2,7.4,8.9,7.5,7.1,9.5,8.4,8.9,8.4,8.8,涨,1.4,8.6,7.8,7.3,9.1,1.1,8.31,浦东新区康桥，2010年建，金融科技双中心,链家/贝壳/安居客/统计局/高德POI综合
181,浦东新区,康桥,康桥半岛,2008,121.555,31.135,30684,35580,34276,30848,30067,31381,32736,27874,33645,31001,28262,26896,28224,30078,48.5,51.1,51.0,49.2,48.5,50.6,52.8,7.5,8.2,8.0,7.1,9.5,8.5,9.1,9.0,9.3,涨,1.4,8.2,7.5,8.1,8.2,1.1,8.3,浦东新区康桥，2008年建，金融科技双中心,链家/贝壳/安居客/统计局/高德POI综合
182,浦东新区,临港,万科城,2019,121.93,30.92,20972,24319,23427,21084,20550,21449,22375,19614,22192,21222,19805,18667,19177,20332,38.2,40.3,40.2,38.8,38.2,39.9,41.7,7.5,8.2,8.1,7.1,9.5,8.1,9.2,8.3,8.3,涨,0.7,8.2,7.7,8.1,8.5,0.7,8.29,浦东新区临港，2019年建，金融科技双中心,链家/贝壳/安居客/统计局/高德POI综合
183,浦东新区,惠南,南汇花苑,2005,121.74,31.045,20287,23525,22662,20396,19879,20748,21644,18169,21302,20258,18678,17778,18251,19833,32.7,34.4,34.4,33.2,32.7,34.1,35.6,7.4,8.8,7.8,7.0,9.5,7.9,9.3,8.0,8.5,涨,2.5,8.2,8.2,7.8,8.3,0.7,8.29,浦东新区惠南，2005年建，金融科技双中心,链家/贝壳/安居客/统计局/高德POI综合
184,浦东新区,塘桥,塘桥花苑,2001,121.498,31.228,56524,65545,63141,56827,55388,57809,60305,55026,59223,58188,54392,51064,54620,57642,70.5,74.2,74.1,71.6,70.5,73.6,76.8,7.7,8.5,8.0,6.9,8.7,8.5,9.4,8.5,8.2,涨,0.8,8.2,8.5,8.2,8.7,1.3,8.27,浦东新区塘桥，2001年建，金融科技双中心,链家/贝壳/安居客/统计局/高德POI综合
185,浦东新区,北蔡,北蔡莲花,2001,121.53,31.185,33342,38663,37245,33521,32671,34100,35572,31927,35118,34744,29631,30071,31020,32786,52.6,55.4,55.3,53.4,52.6,54.9,57.3,7.3,8.9,8.0,7.1,9.5,8.4,9.7,8.6,8.7,涨,1.9,8.0,8.1,7.8,7.9,1.3,8.27,浦东新区北蔡，2001年建，金融科技双中心,链家/贝壳/安居客/统计局/高德POI综合
186,浦东新区,康桥,康桥花苑,2005,121.555,31.135,29415,34109,32858,29573,28823,30084,31383,27087,31711,31183,27563,26528,27527,27769,44.3,46.6,46.6,44.9,44.3,46.2,48.2,6.7,8.5,8.1,7.3,9.5,8.2,9.5,7.5,8.5,涨,1.6,8.2,8.0,7.9,8.4,0.8,8.27,浦东新区康桥，2005年建，金融科技双中心,链家/贝壳/安居客/统计局/高德POI综合
187,浦东新区,张江,长泰花苑,2007,121.588,31.201,49554,57461,55354,49819,48557,50680,52868,46104,51782,49912,46413,44629,47081,50191,71.8,75.7,75.6,72.9,71.9,75.0,78.3,7.6,8.7,7.6,7.1,8.8,8.1,9.4,9.4,8.0,涨,1.2,8.1,7.4,8.4,9.0,0.9,8.26,浦东新区张江，2007年建，金融科技双中心,链家/贝壳/安居客/统计局/高德POI综合
188,浦东新区,临港,海滨花苑,2018,121.93,30.92,21180,24560,23659,21293,20754,21661,22596,18784,23142,21683,19271,19025,19701,20872,37.6,39.6,39.6,38.2,37.6,39.3,41.0,7.2,8.4,8.0,6.6,9.5,8.6,8.9,7.3,8.9,涨,0.9,8.5,7.7,8.2,8.5,1.0,8.25,浦东新区临港，2018年建，金融科技双中心,链家/贝壳/安居客/统计局/高德POI综合
189,浦东新区,周浦,周浦花苑,2006,121.575,31.115,29750,34498,33233,29910,29152,30427,31741,27237,31979,30699,27627,26959,27766,28655,44.3,46.6,46.5,44.9,44.3,46.2,48.2,7.4,8.5,7.6,7.8,9.5,8.2,8.2,8.3,8.7,涨,2.0,8.2,8.5,8.0,8.8,1.4,8.25,浦东新区周浦，2006年建，金融科技双中心,链家/贝壳/安居客/统计局/高德POI综合
190,浦东新区,惠南,惠南花苑,2008,121.74,31.045,23172,26869,25884,23296,22706,23698,24722,21395,25374,22479,21135,21021,21783,23026,37.6,39.6,39.5,38.2,37.6,39.3,41.0,6.8,8.8,7.5,6.7,9.5,7.7,9.3,8.4,8.4,涨,1.6,8.0,8.4,8.2,8.9,0.9,8.24,浦东新区惠南，2008年建，金融科技双中心,链家/贝壳/安居客/统计局/高德POI综合
191,浦东新区,张江,药谷一楼,2010,121.588,31.201,48579,56331,54266,48839,47602,49683,51829,44405,52223,48859,43596,43312,44703,48292,72.7,76.5,76.4,73.8,72.7,75.9,79.2,7.9,8.4,8.7,6.5,8.9,7.8,9.3,7.7,8.5,涨,1.1,7.9,8.3,8.1,8.5,1.0,8.23,浦东新区张江，2010年建，金融科技双中心,链家/贝壳/安居客/统计局/高德POI综合
192,浦东新区,北蔡,联勤花苑,2008,121.53,31.185,37243,43186,41603,37442,36494,38090,39734,33843,40607,38822,34690,33479,35401,34671,55.6,58.6,58.5,56.5,55.6,58.1,60.6,7.5,8.5,7.8,7.0,9.5,8.3,9.3,8.4,8.2,涨,1.2,8.4,7.6,7.8,8.3,1.1,8.22,浦东新区北蔡，2008年建，金融科技双中心,链家/贝壳/安居客/统计局/高德POI综合
193,浦东新区,川沙,绿洲,2010,121.698,31.185,30565,35442,34143,30728,29950,31259,32609,28145,31134,29797,28659,27992,28590,31193,44.0,46.4,46.3,44.7,44.0,46.0,48.0,7.6,8.8,7.9,7.0,9.5,8.1,9.4,9.0,8.5,涨,2.6,8.0,8.0,8.0,8.1,1.5,8.22,浦东新区川沙，2010年建，金融科技双中心,链家/贝壳/安居客/统计局/高德POI综合
194,浦东新区,花木,东方花苑,2005,121.555,31.21,62222,72151,69505,62555,60970,63636,66384,57762,66657,61735,59455,53790,59354,58066,82.8,87.2,87.1,84.1,82.8,86.5,90.2,6.9,8.4,8.4,7.2,8.3,8.1,9.2,8.0,7.9,涨,1.2,7.8,8.6,7.9,9.0,0.8,8.21,浦东新区花木，2005年建，金融科技双中心,链家/贝壳/安居客/统计局/高德POI综合
195,浦东新区,唐镇,万科翡丽花苑,2015,121.625,31.215,37793,43824,42217,37995,37033,38652,40321,35008,40673,39454,34939,35414,34528,37418,56.5,59.5,59.4,57.3,56.5,59.0,61.5,7.6,8.6,7.7,7.3,9.4,8.0,9.0,8.4,8.7,涨,1.0,7.5,7.9,8.2,8.3,0.9,8.21,浦东新区唐镇，2015年建，金融科技双中心,链家/贝壳/安居客/统计局/高德POI综合
196,浦东新区,张江,集电港公寓,2012,121.588,31.201,48436,56166,54106,48696,47462,49537,51676,45233,53915,48139,44118,44240,46014,46504,70.8,74.5,74.4,71.8,70.8,73.9,77.1,7.6,8.9,7.9,7.2,8.8,7.8,8.4,8.1,9.2,涨,1.7,8.2,8.3,8.0,8.5,1.2,8.2,浦东新区张江，2012年建，金融科技双中心,链家/贝壳/安居客/统计局/高德POI综合
197,浦东新区,临港,滴水湖馨苑,2017,121.93,30.92,22138,25671,24729,22256,21693,22641,23619,20123,22735,22585,20665,19384,20966,20702,37.3,39.3,39.3,37.9,37.3,39.0,40.7,7.3,8.6,8.0,6.8,9.5,8.3,8.7,7.7,9.2,涨,1.9,8.0,7.9,8.5,8.2,1.3,8.2,浦东新区临港，2017年建，金融科技双中心,链家/贝壳/安居客/统计局/高德POI综合
198,浦东新区,周浦,瑞和花苑,2008,121.575,31.115,33301,38615,37200,33480,32631,34058,35529,30570,36099,34984,30596,29534,31893,33097,48.2,50.8,50.7,48.9,48.2,50.3,52.5,7.4,8.1,8.0,6.6,9.5,8.0,8.8,8.3,8.2,涨,2.5,8.0,7.9,8.1,8.7,0.9,8.19,浦东新区周浦，2008年建，金融科技双中心,链家/贝壳/安居客/统计局/高德POI综合
199,浦东新区,三林,三林世博,2010,121.502,31.155,37199,43136,41554,37398,36451,38045,39688,33829,39536,37246,34071,34355,36396,35890,52.8,55.6,55.5,53.5,52.8,55.1,57.5,7.4,8.2,8.4,6.7,9.4,7.8,9.1,8.8,9.2,涨,2.0,7.5,8.1,7.9,8.2,1.2,8.18,浦东新区三林，2010年建，金融科技双中心,链家/贝壳/安居客/统计局/高德POI综合
200,浦东新区,张江,张江和源名城,2015,121.588,31.201,49818,57768,55650,50085,48816,50950,53151,46543,52510,51735,45649,42832,48579,50482,70.1,73.9,73.8,71.2,70.1,73.2,76.4,7.5,9.2,7.3,7.0,8.8,8.2,9.0,8.1,9.2,涨,2.5,7.5,7.4,8.7,8.5,0.9,8.17,浦东新区张江，2015年建，金融科技双中心,链家/贝壳/安居客/统计局/高德POI综合
201,浦东新区,三林,上南花苑,2001,121.502,31.155,31693,36751,35403,31863,31056,32413,33813,29587,34086,32355,29283,28504,30070,32153,47.0,49.5,49.5,47.8,47.0,49.1,51.3,7.5,8.2,8.1,6.7,9.5,7.8,8.8,8.3,9.0,涨,1.0,8.1,7.9,8.7,8.4,1.4,8.17,浦东新区三林，2001年建，金融科技双中心,链家/贝壳/安居客/统计局/高德POI综合
202,浦东新区,张江,汤臣高尔夫,2004,121.588,31.201,50004,57983,55857,50272,48998,51140,53349,46528,53236,49780,45969,45000,46629,49305,65.2,68.7,68.6,66.2,65.2,68.1,71.0,7.5,9.2,7.7,6.9,8.7,7.8,9.3,8.9,9.3,涨,1.5,7.9,7.5,8.0,8.5,1.3,8.15,浦东新区张江，2004年建，金融科技双中心,链家/贝壳/安居客/统计局/高德POI综合
203,浦东新区,张江,张江镇小区,2001,121.588,31.201,46996,54495,52497,47247,46050,48064,50139,42682,50944,47308,42810,41736,44671,44115,67.1,70.7,70.6,68.1,67.1,70.0,73.1,7.3,8.5,7.8,6.9,9.0,8.2,9.0,8.6,8.8,涨,0.9,8.2,8.3,7.8,8.6,1.6,8.15,浦东新区张江，2001年建，金融科技双中心,链家/贝壳/安居客/统计局/高德POI综合
204,浦东新区,张江,张江馨苑,2006,121.588,31.201,45676,52965,51023,45921,44758,46714,48732,41563,49298,46406,42150,41673,43003,45742,65.6,69.1,69.0,66.6,65.6,68.5,71.5,7.6,8.1,8.0,7.5,9.0,8.0,9.1,7.7,7.9,涨,0.8,8.2,7.7,8.3,8.6,1.1,8.14,浦东新区张江，2006年建，金融科技双中心,链家/贝壳/安居客/统计局/高德POI综合
205,浦东新区,世纪公园,仁恒河滨,2002,121.54,31.217,57235,66368,63935,57541,56083,58535,61063,51661,60181,58987,53155,50815,53803,55873,79.8,84.0,83.9,81.0,79.8,83.3,86.9,7.2,8.5,7.9,7.4,8.6,8.4,8.9,8.5,9.3,涨,2.0,7.9,7.6,8.0,9.2,1.7,8.14,浦东新区世纪公园，2002年建，金融科技双中心,链家/贝壳/安居客/统计局/高德POI综合
206,浦东新区,临港,临港花苑,2015,121.93,30.92,20120,23331,22475,20228,19715,20577,21466,18310,21092,20728,18428,17894,18860,19093,37.6,39.6,39.5,38.2,37.6,39.2,41.0,7.6,8.1,7.9,7.3,9.5,8.0,8.3,8.7,8.2,涨,1.1,7.4,7.8,8.2,8.3,0.9,8.14,浦东新区临港，2015年建，金融科技双中心,链家/贝壳/安居客/统计局/高德POI综合
207,浦东新区,周浦,东南花苑,2005,121.575,31.115,30533,35405,34107,30696,29919,31227,32575,27290,31799,31779,28626,27864,28232,30062,43.6,45.9,45.8,44.2,43.6,45.5,47.5,7.3,7.6,7.8,7.1,9.5,8.2,8.2,7.9,9.0,涨,1.2,8.3,7.9,7.7,8.6,1.0,8.14,浦东新区周浦，2005年建，金融科技双中心,链家/贝壳/安居客/统计局/高德POI综合
208,浦东新区,川沙,川沙花苑,2005,121.698,31.185,27721,32145,30966,27870,27163,28351,29575,25385,29908,29102,25874,24883,25738,27719,41.4,43.6,43.6,42.1,41.4,43.3,45.1,7.2,8.7,7.9,6.8,9.5,7.8,8.6,8.0,8.7,涨,1.4,7.7,8.1,8.4,8.6,1.3,8.14,浦东新区川沙，2005年建，金融科技双中心,链家/贝壳/安居客/统计局/高德POI综合
209,浦东新区,张江,中芯花苑,2008,121.588,31.201,47250,54790,52781,47503,46300,48324,50411,43580,50505,47811,41941,42569,44664,44827,73.2,77.1,77.0,74.3,73.2,76.4,79.7,7.6,8.5,8.9,6.9,9.0,8.0,8.2,8.8,8.7,涨,1.1,8.3,8.2,7.9,8.2,2.0,8.13,浦东新区张江，2008年建，金融科技双中心,链家/贝壳/安居客/统计局/高德POI综合
210,浦东新区,三林,三林苑,1999,121.502,31.155,32084,37204,35840,32256,31439,32814,34231,29304,34174,32925,29541,28533,29292,31548,48.2,50.8,50.7,48.9,48.2,50.3,52.5,7.7,8.7,7.6,6.7,9.5,7.6,9.4,8.0,8.9,涨,2.0,7.4,8.0,8.3,8.8,1.4,8.13,浦东新区三林，1999年建，金融科技双中心,链家/贝壳/安居客/统计局/高德POI综合
211,浦东新区,惠南,惠南新城,2012,121.74,31.045,23029,26704,25725,23152,22566,23552,24570,20474,24475,23656,21988,19604,21545,22499,36.4,38.3,38.2,36.9,36.4,38.0,39.6,7.1,8.7,8.3,6.8,9.5,7.7,8.5,8.0,8.5,涨,1.4,7.6,7.6,7.9,8.6,1.0,8.13,浦东新区惠南，2012年建，金融科技双中心,链家/贝壳/安居客/统计局/高德POI综合
212,浦东新区,金桥,碧云国际社区,2001,121.56,31.228,51446,59656,57469,51722,50412,52616,54888,47666,56513,52968,46820,46556,47541,50811,72.3,76.2,76.1,73.4,72.4,75.5,78.8,7.3,8.3,7.1,7.1,8.8,8.5,9.5,9.2,7.7,涨,2.2,8.3,7.8,7.8,9.1,1.6,8.09,浦东新区金桥，2001年建，金融科技双中心,链家/贝壳/安居客/统计局/高德POI综合
213,浦东新区,金桥,金桥爱建,2005,121.56,31.228,51494,59711,57522,51769,50458,52664,54938,48832,54618,54229,46281,46781,50422,50780,73.3,77.2,77.1,74.4,73.3,76.5,79.8,7.5,8.2,8.0,7.1,8.8,8.1,9.5,8.8,8.6,涨,1.5,7.7,7.9,7.7,8.5,1.5,8.09,浦东新区金桥，2005年建，金融科技双中心,链家/贝壳/安居客/统计局/高德POI综合
214,浦东新区,唐镇,唐镇花苑,2008,121.625,31.215,38277,44385,42757,38482,37507,39147,40837,34978,41387,39540,35374,34693,36638,38010,57.7,60.8,60.7,58.6,57.8,60.3,62.9,7.2,8.6,8.2,6.6,9.3,7.7,8.8,8.0,9.0,涨,1.3,8.0,8.0,7.9,8.2,1.4,8.09,浦东新区唐镇，2008年建，金融科技双中心,链家/贝壳/安居客/统计局/高德POI综合
215,浦东新区,花木,万邦都市花苑,2002,121.555,31.21,56555,65580,63175,56858,55417,57840,60338,51812,63290,59323,50548,52439,51109,55667,79.1,83.3,83.2,80.3,79.1,82.6,86.2,7.6,8.0,7.8,7.5,8.5,8.1,8.4,7.7,9.2,涨,1.8,7.6,7.8,8.1,8.6,0.9,8.08,浦东新区花木，2002年建，金融科技双中心,链家/贝壳/安居客/统计局/高德POI综合
216,浦东新区,唐镇,中建大公馆,2012,121.625,31.215,38045,44116,42498,38248,37279,38909,40589,35159,39852,40360,35995,33209,36894,36746,51.5,54.3,54.2,52.3,51.5,53.8,56.2,7.3,8.5,7.7,6.5,9.2,7.4,9.8,8.3,7.7,涨,1.8,8.3,8.3,8.7,8.4,1.5,8.08,浦东新区唐镇，2012年建，金融科技双中心,链家/贝壳/安居客/统计局/高德POI综合
217,浦东新区,陆家嘴,汤臣一品,2005,121.509,31.235,85447,99083,95450,85905,83729,87389,91163,78069,89371,86858,77421,75156,79277,82570,128.7,135.6,135.4,130.7,128.7,134.4,140.2,7.6,8.3,8.9,7.1,7.3,8.1,9.4,8.0,8.2,涨,2.0,8.4,8.4,8.1,7.8,1.3,8.07,浦东新区陆家嘴，2005年建，金融科技双中心,链家/贝壳/安居客/统计局/高德POI综合
218,浦东新区,陆家嘴,世茂滨江,2003,121.509,31.235,86958,100834,97137,87423,85209,88934,92774,79447,93648,90246,79236,79574,84145,83798,132.1,139.2,139.0,134.1,132.2,138.0,144.0,7.3,8.7,7.8,7.2,7.1,8.2,9.3,7.4,8.8,涨,1.3,8.2,8.1,8.4,8.8,1.1,8.06,浦东新区陆家嘴，2003年建，金融科技双中心,链家/贝壳/安居客/统计局/高德POI综合
219,浦东新区,金桥,碧云新天地,2008,121.56,31.228,52289,60633,58410,52569,51237,53477,55787,47377,58802,55314,46771,48597,48831,51735,77.2,81.3,81.2,78.4,77.2,80.6,84.1,7.0,8.5,8.1,7.2,8.8,8.1,8.4,8.3,8.0,涨,1.4,7.4,7.9,7.9,8.5,1.0,8.06,浦东新区金桥，2008年建，金融科技双中心,链家/贝壳/安居客/统计局/高德POI综合
220,浦东新区,北蔡,鹏海花苑,2003,121.53,31.185,36144,41912,40375,36337,35417,36965,38562,32956,39070,36672,33395,32174,33995,35351,50.8,53.5,53.4,51.5,50.8,53.0,55.3,7.6,8.5,8.3,7.4,9.3,7.4,9.0,7.4,8.6,涨,0.9,8.0,8.1,7.3,8.9,1.8,8.06,浦东新区北蔡，2003年建，金融科技双中心,链家/贝壳/安居客/统计局/高德POI综合
221,浦东新区,世纪公园,证大家园,2004,121.54,31.217,64256,74510,71778,64600,62963,65716,68554,58779,68549,66398,59250,57690,59088,65401,85.2,89.7,89.6,86.5,85.2,89.0,92.8,7.4,8.4,8.0,6.7,8.2,8.1,9.1,8.2,8.7,涨,2.4,7.8,7.7,8.7,8.7,1.4,8.05,浦东新区世纪公园，2004年建，金融科技双中心,链家/贝壳/安居客/统计局/高德POI综合
222,浦东新区,塘桥,峨山路花苑,2003,121.498,31.228,51567,59796,57604,51843,50530,52739,55017,47212,54320,53647,48300,47113,48350,51612,73.3,77.2,77.1,74.4,73.3,76.5,79.8,7.3,8.1,7.4,7.2,8.7,7.9,9.9,8.1,8.0,涨,1.5,8.0,8.1,8.2,8.3,1.3,8.03,浦东新区塘桥，2003年建，金融科技双中心,链家/贝壳/安居客/统计局/高德POI综合
223,浦东新区,北蔡,御桥花苑,2005,121.53,31.185,34779,40330,38851,34966,34080,35570,37106,32830,37179,35831,31754,31523,32818,34474,53.7,56.6,56.5,54.5,53.7,56.1,58.5,7.4,8.6,7.8,6.3,9.4,7.5,9.4,7.8,8.8,涨,1.1,8.0,7.8,7.5,8.8,1.6,8.03,浦东新区北蔡，2005年建，金融科技双中心,链家/贝壳/安居客/统计局/高德POI综合
224,浦东新区,周浦,万达公寓,2014,121.575,31.115,33539,38892,37466,33719,32865,34302,35783,30545,35382,35152,29235,30041,31065,33085,49.3,51.9,51.8,50.0,49.3,51.4,53.7,7.4,8.5,7.0,6.7,9.5,8.1,9.2,7.8,8.4,涨,2.0,7.9,7.8,8.1,8.3,1.4,8.02,浦东新区周浦，2014年建，金融科技双中心,链家/贝壳/安居客/统计局/高德POI综合
225,浦东新区,张江,张江汤臣,2005,121.588,31.201,48115,55794,53748,48373,47147,49209,51334,44577,51681,48841,45055,41810,45763,46027,65.6,69.1,69.0,66.6,65.6,68.5,71.4,7.1,8.3,7.6,6.7,8.7,7.4,9.7,7.9,8.8,涨,0.9,7.7,8.1,8.0,8.5,1.1,8.01,浦东新区张江，2005年建，金融科技双中心,链家/贝壳/安居客/统计局/高德POI综合
226,浦东新区,世纪公园,世纪花苑,2000,121.54,31.217,60015,69593,67041,60337,58808,61379,64030,55328,65310,62220,55212,53124,57849,61484,83.9,88.3,88.2,85.1,83.9,87.6,91.4,7.4,8.7,8.3,7.5,8.1,7.2,9.2,7.4,8.6,涨,2.0,7.8,7.9,8.0,8.2,1.1,8.0,浦东新区世纪公园，2000年建，金融科技双中心,链家/贝壳/安居客/统计局/高德POI综合
227,浦东新区,金桥,金桥花苑,1998,121.56,31.228,51427,59634,57447,51703,50393,52596,54867,47395,55250,53809,47361,45793,47814,49876,74.4,78.4,78.3,75.5,74.4,77.7,81.1,7.9,8.2,7.7,6.7,8.6,7.6,8.7,7.7,8.9,涨,2.1,8.4,8.0,7.8,8.6,1.5,7.99,浦东新区金桥，1998年建，金融科技双中心,链家/贝壳/安居客/统计局/高德POI综合
228,浦东新区,塘桥,南泉花苑,2000,121.498,31.228,49969,57943,55819,50237,48964,51105,53312,46071,54334,50997,47133,44566,49610,49224,73.0,76.9,76.8,74.1,73.0,76.2,79.5,7.7,8.4,8.3,7.1,8.8,7.7,8.3,8.2,8.2,涨,2.0,8.3,7.5,7.1,8.2,1.4,7.98,浦东新区塘桥，2000年建，金融科技双中心,链家/贝壳/安居客/统计局/高德POI综合
229,浦东新区,陆家嘴,九龙仓滨江壹号,2015,121.509,31.235,97684,113272,109119,98207,95719,99904,104218,89462,107540,99482,90501,90151,95017,94473,138.5,145.9,145.6,140.6,138.5,144.6,150.9,7.2,8.2,8.7,6.7,6.5,7.7,9.7,8.9,8.9,涨,2.0,8.2,7.8,7.8,8.7,1.3,7.97,浦东新区陆家嘴，2015年建，金融科技双中心,链家/贝壳/安居客/统计局/高德POI综合
230,浦东新区,张江,翠微花苑,2003,121.588,31.201,45199,52411,50490,45441,44289,46226,48222,41945,48752,46359,40980,39476,43339,43798,66.8,70.4,70.3,67.8,66.8,69.8,72.8,7.8,8.4,7.1,6.9,8.8,7.5,9.1,8.3,9.0,涨,1.4,8.4,7.7,8.1,7.8,1.4,7.96,浦东新区张江，2003年建，金融科技双中心,链家/贝壳/安居客/统计局/高德POI综合
231,浦东新区,花木,牡丹路花苑,2003,121.555,31.21,57856,67089,64629,58166,56692,59171,61726,54051,62562,58710,54198,51510,54420,57194,76.1,80.1,80.0,77.2,76.1,79.4,82.9,6.9,8.6,8.5,7.1,8.4,7.5,8.6,8.8,8.3,涨,2.2,7.8,7.7,8.2,8.6,1.9,7.95,浦东新区花木，2003年建，金融科技双中心,链家/贝壳/安居客/统计局/高德POI综合
232,浦东新区,三林,三林新村,1993,121.502,31.155,29914,34687,33415,30074,29312,30594,31915,28116,31382,29736,26934,27430,28834,28881,43.8,46.1,46.0,44.4,43.8,45.7,47.7,7.7,8.3,7.9,6.9,9.5,7.5,9.0,7.9,8.1,涨,1.4,8.1,7.9,7.7,8.6,2.1,7.95,浦东新区三林，1993年建，金融科技双中心,链家/贝壳/安居客/统计局/高德POI综合
233,浦东新区,金桥,进才花苑,2003,121.56,31.228,48004,55665,53624,48261,47039,49095,51215,43983,51092,49486,44017,41596,45939,47915,70.2,73.9,73.8,71.3,70.2,73.3,76.5,7.5,8.3,7.1,7.3,8.8,8.0,8.7,7.9,8.5,涨,1.5,7.8,8.2,7.5,8.3,1.5,7.93,浦东新区金桥，2003年建，金融科技双中心,链家/贝壳/安居客/统计局/高德POI综合
234,浦东新区,花木,花木新村,1995,121.555,31.21,53135,61614,59355,53419,52066,54342,56689,49379,54671,54896,49949,48222,50766,49820,68.4,72.0,71.9,69.4,68.4,71.4,74.5,7.4,8.6,8.2,7.5,8.5,7.4,8.6,7.4,8.2,涨,2.7,8.4,8.3,7.7,8.6,2.1,7.93,浦东新区花木，1995年建，金融科技双中心,链家/贝壳/安居客/统计局/高德POI综合
235,浦东新区,世纪公园,联洋花苑,2003,121.54,31.217,60328,69955,67390,60651,59114,61699,64363,56887,65550,61075,55106,54008,56788,59941,85.9,90.5,90.4,87.2,85.9,89.7,93.6,7.6,8.4,8.1,7.0,8.4,8.1,9.1,8.9,7.7,涨,2.1,7.6,8.6,8.0,7.7,2.1,7.92,浦东新区世纪公园，2003年建，金融科技双中心,链家/贝壳/安居客/统计局/高德POI综合
236,浦东新区,陆家嘴,中粮壹号,2012,121.509,31.235,91254,105816,101936,91742,89418,93328,97358,82384,96737,92539,82947,82416,82205,89908,136.0,143.2,143.0,138.0,136.0,142.0,148.2,7.6,8.4,7.6,6.7,6.8,8.0,9.5,8.1,8.2,涨,0.4,8.2,8.1,7.5,8.4,1.0,7.91,浦东新区陆家嘴，2012年建，金融科技双中心,链家/贝壳/安居客/统计局/高德POI综合
237,浦东新区,陆家嘴,陆家嘴花苑,2000,121.509,31.235,84170,97602,94024,84621,82477,86083,89801,75296,89589,87469,77398,77395,77649,82736,123.2,129.8,129.6,125.1,123.2,128.6,134.2,7.6,8.3,8.5,6.2,7.3,8.0,9.2,8.0,8.3,涨,1.8,7.7,8.0,8.1,8.5,1.5,7.91,浦东新区陆家嘴，2000年建，金融科技双中心,链家/贝壳/安居客/统计局/高德POI综合
238,浦东新区,陆家嘴,仁恒滨江,2004,121.509,31.235,87325,101261,97548,87793,85569,89310,93166,79128,94564,89132,80604,79819,84205,88676,126.4,133.2,133.0,128.3,126.4,132.0,137.7,7.2,8.6,7.6,7.0,7.1,8.2,8.9,8.6,8.8,涨,1.6,7.7,7.9,8.2,8.6,1.8,7.86,浦东新区陆家嘴，2004年建，金融科技双中心,链家/贝壳/安居客/统计局/高德POI综合
239,浦东新区,陆家嘴,嘉里城,2010,121.509,31.235,92212,106927,103006,92706,90357,94308,98380,86109,100046,93255,85988,79877,85794,90295,136.8,144.1,143.9,138.9,136.9,142.9,149.1,7.7,8.0,8.0,6.9,6.9,8.1,8.7,8.2,8.8,涨,1.5,8.0,8.3,8.1,8.0,1.5,7.86,浦东新区陆家嘴，2010年建，金融科技双中心,链家/贝壳/安居客/统计局/高德POI综合
240,浦东新区,塘桥,浦建路公寓,1998,121.498,31.228,56734,65788,63376,57038,55593,58024,60529,51829,57479,61109,52457,50921,52039,54173,73.1,77.0,76.9,74.2,73.1,76.3,79.7,7.6,8.5,7.2,7.1,8.2,7.1,8.6,7.7,7.9,涨,1.6,8.1,7.9,8.1,8.6,1.3,7.84,浦东新区塘桥，1998年建，金融科技双中心,链家/贝壳/安居客/统计局/高德POI综合
241,闵行,虹桥,万科蓝山,2012,121.37,31.185,53777,61136,57739,50946,48682,49814,50946,49381,55582,53611,46672,44785,45555,45579,82.9,85.7,83.8,79.3,76.6,78.4,80.2,7.1,8.6,7.7,7.2,8.9,8.2,9.0,9.2,8.4,维持,1.2,8.0,7.8,8.7,7.8,0.9,8.19,闵行虹桥，2012年建，紫竹漕开发科技走廊,链家/贝壳/安居客/统计局/高德POI综合
242,闵行,浦江,汇智湖畔,2012,121.478,31.085,32949,37458,35377,31215,29828,30521,31215,29332,34187,32200,29521,27351,28056,28219,51.9,53.6,52.5,49.7,48.0,49.1,50.2,6.9,9.4,8.0,7.2,9.5,7.9,9.3,8.2,8.7,维持,1.2,7.6,8.4,8.5,7.4,1.6,8.15,闵行浦江，2012年建，紫竹漕开发科技走廊,链家/贝壳/安居客/统计局/高德POI综合
243,闵行,浦江,浦航花苑,2010,121.478,31.085,34048,38708,36557,32256,30823,31540,32256,30539,35338,33428,29860,27948,29336,30094,50.9,52.5,51.4,48.6,47.0,48.1,49.2,7.4,9.2,8.3,6.8,9.5,7.3,8.8,8.6,9.2,维持,1.0,7.5,8.4,8.2,7.4,1.4,8.14,闵行浦江，2010年建，紫竹漕开发科技走廊,链家/贝壳/安居客/统计局/高德POI综合
244,闵行,浦江,万科浦江坤庭,2015,121.478,31.085,34384,39089,36918,32574,31127,31851,32574,31672,36636,33760,30081,28953,29073,29322,51.6,53.2,52.1,49.3,47.6,48.7,49.9,7.4,9.1,7.0,7.1,9.5,8.3,9.2,7.7,8.9,维持,1.9,7.4,8.4,8.3,7.2,1.0,8.12,闵行浦江，2015年建，紫竹漕开发科技走廊,链家/贝壳/安居客/统计局/高德POI综合
245,闵行,七宝,七宝中学花苑,2008,121.358,31.15,44707,50825,48001,42354,40471,41412,42354,40907,47018,44402,37549,37900,38295,37764,64.4,66.5,65.1,61.6,59.5,60.9,62.3,7.5,9.1,7.4,7.4,9.1,7.6,8.2,8.7,8.7,维持,0.7,8.0,7.9,8.8,7.2,1.2,8.06,闵行七宝，2008年建，紫竹漕开发科技走廊,链家/贝壳/安居客/统计局/高德POI综合
246,闵行,七宝,万科城花新圆,2005,121.358,31.15,41348,47006,44395,39172,37431,38301,39172,38090,45083,39976,35163,34328,36338,36874,55.6,57.4,56.2,53.2,51.4,52.6,53.8,7.0,9.3,8.3,6.9,9.4,7.8,8.6,8.6,8.8,维持,1.5,7.0,7.9,8.0,7.2,1.5,8.02,闵行七宝，2005年建，紫竹漕开发科技走廊,链家/贝壳/安居客/统计局/高德POI综合
247,闵行,梅陇,锦梅花苑,2005,121.408,31.125,33810,38437,36301,32031,30607,31319,32031,30899,36584,33015,29045,28279,29286,29143,54.2,56.0,54.8,51.9,50.1,51.3,52.5,7.3,9.2,7.1,7.1,9.4,7.1,9.1,8.3,8.0,维持,2.3,7.6,7.9,8.6,7.9,1.1,8.01,闵行梅陇，2005年建，紫竹漕开发科技走廊,链家/贝壳/安居客/统计局/高德POI综合
248,闵行,七宝,航华新村,1995,121.358,31.15,37021,42087,39749,35072,33513,34293,35072,34358,38572,36060,31686,30769,31614,33153,50.7,52.4,51.3,48.5,46.9,48.0,49.1,6.8,9.1,7.6,7.3,9.3,7.2,8.9,7.7,9.1,维持,1.6,7.6,8.2,8.3,7.7,1.4,8.0,闵行七宝，1995年建，紫竹漕开发科技走廊,链家/贝壳/安居客/统计局/高德POI综合
249,闵行,紫竹,紫竹科学园区,2012,121.45,31.025,37590,42734,40360,35612,34029,34820,35612,35188,38199,36388,33912,31261,33089,32159,62.3,64.3,63.0,59.6,57.6,58.9,60.3,7.3,8.9,7.8,7.0,9.3,7.3,8.7,8.7,9.4,维持,2.1,7.3,7.5,8.0,7.5,1.2,8.0,闵行紫竹，2012年建，紫竹漕开发科技走廊,链家/贝壳/安居客/统计局/高德POI综合
250,闵行,颛桥,颛桥新村,1998,121.395,31.068,28272,32141,30355,26784,25594,26189,26784,26955,30413,28133,25211,23327,24201,24752,39.7,41.0,40.2,38.0,36.7,37.6,38.4,7.3,9.2,7.9,7.4,9.5,7.3,8.1,8.3,8.8,维持,1.3,7.6,7.9,8.2,7.6,1.6,8.0,闵行颛桥，1998年建，紫竹漕开发科技走廊,链家/贝壳/安居客/统计局/高德POI综合
251,闵行,紫竹,紫竹半岛,2010,121.45,31.025,42428,48234,45554,40195,38408,39302,40195,39607,43083,42732,36857,35282,36775,37493,64.4,66.5,65.1,61.6,59.5,60.9,62.3,6.7,8.6,7.7,6.9,9.2,7.6,7.8,8.7,8.3,维持,1.9,8.0,8.1,8.8,7.8,1.4,7.99,闵行紫竹，2010年建，紫竹漕开发科技走廊,链家/贝壳/安居客/统计局/高德POI综合
252,闵行,浦江,浦江世博,2008,121.478,31.085,35593,40463,38215,33719,32221,32970,33719,32981,37536,34667,31326,29225,29579,31440,52.8,54.5,53.3,50.5,48.7,49.9,51.0,7.1,9.4,7.2,7.2,9.4,7.4,7.9,7.9,8.6,维持,1.9,7.8,7.9,8.1,7.7,1.2,7.97,闵行浦江，2008年建，紫竹漕开发科技走廊,链家/贝壳/安居客/统计局/高德POI综合
253,闵行,古美,东苑半岛,2005,121.395,31.14,49911,56741,53589,47284,45183,46233,47284,43664,52555,48488,43192,43190,42145,43736,64.3,66.4,65.0,61.5,59.4,60.8,62.2,6.8,9.2,7.3,7.0,8.8,7.5,9.0,7.4,8.3,维持,1.4,8.2,8.0,8.7,7.1,1.0,7.96,闵行古美，2005年建，紫竹漕开发科技走廊,链家/贝壳/安居客/统计局/高德POI综合
254,闵行,莘庄,莘庄花苑,2005,121.385,31.11,44631,50738,47920,42282,40403,41342,42282,41844,45762,43623,39801,37311,37169,38449,66.4,68.5,67.1,63.5,61.3,62.8,64.2,7.3,9.2,8.1,7.3,9.0,7.1,8.4,8.3,8.5,维持,1.6,6.9,8.0,8.6,7.8,1.6,7.94,闵行莘庄，2005年建，紫竹漕开发科技走廊,链家/贝壳/安居客/统计局/高德POI综合
255,闵行,七宝,宝龙城花苑,2010,121.358,31.15,43750,49737,46974,41448,39606,40527,41448,41658,45993,43619,38017,36216,37648,37104,61.1,63.0,61.7,58.4,56.4,57.7,59.1,6.7,8.7,7.5,6.5,9.2,7.9,8.3,8.1,8.5,维持,2.6,7.5,8.0,9.2,7.2,1.2,7.94,闵行七宝，2010年建，紫竹漕开发科技走廊,链家/贝壳/安居客/统计局/高德POI综合
256,闵行,莘庄,春申花苑,2003,121.385,31.11,45571,51807,48929,43173,41254,42213,43173,42413,47357,44076,38979,38694,38241,39091,61.7,63.7,62.3,59.0,57.0,58.3,59.7,7.0,8.9,7.6,7.3,9.0,7.6,8.6,8.0,9.1,维持,1.9,7.1,7.8,8.7,7.9,1.6,7.93,闵行莘庄，2003年建，紫竹漕开发科技走廊,链家/贝壳/安居客/统计局/高德POI综合
257,闵行,颛桥,颛桥花苑,2005,121.395,31.068,27870,31684,29924,26403,25230,25816,26403,26335,29370,28310,24526,23250,23899,24180,41.1,42.5,41.6,39.4,38.0,38.9,39.8,7.4,9.5,7.5,7.3,9.5,7.3,8.8,8.4,7.3,维持,1.8,7.2,8.1,8.1,7.8,1.7,7.93,闵行颛桥，2005年建，紫竹漕开发科技走廊,链家/贝壳/安居客/统计局/高德POI综合
258,闵行,莘庄,莘松新村,1990,121.385,31.11,43651,49625,46868,41354,39516,40435,41354,41365,45151,43770,37927,36924,36954,38058,61.6,63.7,62.3,59.0,57.0,58.3,59.6,6.7,9.0,7.5,6.6,9.2,7.9,8.6,7.2,8.7,维持,1.6,7.7,8.5,8.2,7.5,1.6,7.92,闵行莘庄，1990年建，紫竹漕开发科技走廊,链家/贝壳/安居客/统计局/高德POI综合
259,闵行,莘庄,都市花苑,2001,121.385,31.11,43663,49638,46881,41365,39527,40446,41365,39665,46131,41965,38547,35257,36277,37504,64.1,66.2,64.8,61.3,59.2,60.6,62.0,7.1,8.6,8.1,6.9,9.2,7.6,8.6,8.8,8.7,维持,1.4,7.2,7.9,8.8,6.6,1.5,7.92,闵行莘庄，2001年建，紫竹漕开发科技走廊,链家/贝壳/安居客/统计局/高德POI综合
260,闵行,紫竹,东川路花苑,2005,121.45,31.025,41087,46709,44114,38924,37194,38059,38924,37377,41533,41376,36857,34528,36461,35992,57.7,59.6,58.3,55.2,53.3,54.5,55.8,6.6,9.1,7.2,6.7,9.2,7.6,8.2,9.1,9.0,维持,2.7,7.2,7.0,8.7,7.6,1.1,7.91,闵行紫竹，2005年建，紫竹漕开发科技走廊,链家/贝壳/安居客/统计局/高德POI综合
261,闵行,古美,古美花苑,2002,121.395,31.14,46036,52336,49429,43613,41675,42644,43613,41756,49046,47840,40026,38119,38051,41391,69.4,71.7,70.2,66.4,64.2,65.7,67.2,7.1,9.1,7.4,6.6,9.0,7.5,8.4,7.6,8.1,维持,2.0,7.8,7.7,8.5,8.0,1.4,7.89,闵行古美，2002年建，紫竹漕开发科技走廊,链家/贝壳/安居客/统计局/高德POI综合
262,闵行,虹桥,虹桥花苑,2008,121.37,31.185,57891,65813,62157,54844,52406,53625,54844,54035,60727,56179,51459,47959,49748,48990,77.4,79.9,78.3,74.0,71.5,73.2,74.9,7.1,8.9,7.4,6.7,8.6,7.9,8.6,8.0,8.3,维持,1.1,7.9,7.7,8.5,7.5,1.4,7.89,闵行虹桥，2008年建，紫竹漕开发科技走廊,链家/贝壳/安居客/统计局/高德POI综合
263,闵行,梅陇,梅陇花苑,2001,121.408,31.125,39463,44864,42371,37386,35725,36555,37386,36546,42339,37871,33739,33028,33388,34116,54.4,56.2,55.0,52.0,50.3,51.4,52.6,6.8,9.2,7.3,6.8,9.2,7.5,7.8,8.6,8.7,维持,2.0,7.9,7.6,8.6,7.7,1.7,7.88,闵行梅陇，2001年建，紫竹漕开发科技走廊,链家/贝壳/安居客/统计局/高德POI综合
264,闵行,虹桥,龙柏花苑,2001,121.37,31.185,54747,62239,58782,51866,49561,50713,51866,52450,56423,53739,48238,45332,47263,48030,76.1,78.6,77.0,72.8,70.3,72.0,73.7,7.1,8.9,7.9,7.0,8.6,7.5,8.2,8.0,8.8,维持,1.6,7.7,8.1,8.7,7.3,1.8,7.86,闵行虹桥，2001年建，紫竹漕开发科技走廊,链家/贝壳/安居客/统计局/高德POI综合
265,闵行,古美,万源路花苑,2006,121.395,31.14,48540,55183,52117,45986,43942,44964,45986,44713,51714,46310,41827,40253,40657,43439,64.3,66.3,65.0,61.5,59.4,60.8,62.2,7.4,8.8,7.8,6.8,8.9,7.5,8.5,8.3,8.4,维持,1.5,7.7,8.2,8.6,7.0,1.9,7.85,闵行古美，2006年建，紫竹漕开发科技走廊,链家/贝壳/安居客/统计局/高德POI综合
266,闵行,梅陇,南方花苑,1998,121.408,31.125,32705,37180,35114,30983,29606,30295,30983,30000,33615,33056,28483,27552,26417,28987,54.9,56.7,55.5,52.5,50.7,51.9,53.1,6.7,9.4,7.1,7.1,9.5,7.3,8.1,7.5,8.9,维持,2.2,7.2,8.0,8.5,7.2,1.5,7.83,闵行梅陇，1998年建，紫竹漕开发科技走廊,链家/贝壳/安居客/统计局/高德POI综合
267,闵行,颛桥,银都花苑,2001,121.395,31.068,28859,32808,30986,27340,26125,26733,27340,26513,30466,27865,24873,23824,24822,24878,43.8,45.2,44.3,41.9,40.4,41.4,42.3,7.8,9.2,6.5,7.5,9.5,7.0,8.7,7.7,8.6,维持,1.6,7.4,8.1,8.1,7.6,1.7,7.83,闵行颛桥，2001年建，紫竹漕开发科技走廊,链家/贝壳/安居客/统计局/高德POI综合
268,闵行,古美,欧风花都,2004,121.395,31.14,47054,53493,50521,44577,42596,43587,44577,43805,49533,44697,39224,38520,40438,40078,68.2,70.4,68.9,65.2,63.0,64.5,66.0,7.2,8.5,7.4,7.1,8.8,7.0,8.9,7.7,8.1,维持,2.8,6.8,7.7,8.5,7.7,0.8,7.82,闵行古美，2004年建，紫竹漕开发科技走廊,链家/贝壳/安居客/统计局/高德POI综合
269,闵行,紫竹,华师大公寓,2008,121.45,31.025,42633,48467,45775,40389,38594,39492,40389,39278,43936,41616,37218,35530,36392,37294,64.6,66.7,65.3,61.8,59.7,61.1,62.5,7.2,8.5,7.5,6.7,9.0,7.1,8.2,7.7,8.4,维持,2.2,7.2,8.0,8.4,7.6,1.1,7.82,闵行紫竹，2008年建，紫竹漕开发科技走廊,链家/贝壳/安居客/统计局/高德POI综合
270,闵行,莘庄,报春花苑,1998,121.385,31.11,46709,53101,50151,44251,42284,43268,44251,42376,49111,45490,40450,38122,38768,39291,63.4,65.4,64.0,60.6,58.5,59.9,61.3,6.9,8.8,7.7,6.4,8.9,7.1,8.3,7.6,8.5,维持,0.6,7.7,8.2,8.8,7.6,1.7,7.81,闵行莘庄，1998年建，紫竹漕开发科技走廊,链家/贝壳/安居客/统计局/高德POI综合
271,闵行,古美,锦辉苑,2003,121.395,31.14,50705,57644,54442,48037,45902,46969,48037,46676,53385,49934,43424,41420,42470,43957,68.4,70.6,69.1,65.4,63.2,64.7,66.2,7.4,9.0,7.3,7.1,8.7,7.4,8.4,8.4,8.5,维持,1.6,7.8,8.2,8.4,7.1,1.9,7.81,闵行古美，2003年建，紫竹漕开发科技走廊,链家/贝壳/安居客/统计局/高德POI综合
272,闵行,七宝,七宝花苑,2001,121.358,31.15,39695,45127,42620,37606,35935,36770,37606,37085,41770,39291,34942,32766,34779,35024,59.4,61.3,60.0,56.8,54.8,56.1,57.4,7.1,9.0,7.2,6.5,9.3,7.6,8.6,7.9,8.5,维持,1.8,6.9,7.7,8.1,7.7,1.9,7.75,闵行七宝，2001年建，紫竹漕开发科技走廊,链家/贝壳/安居客/统计局/高德POI综合
273,闵行,莘庄,绿梅公寓,1995,121.385,31.11,41327,46982,44372,39152,37412,38282,39152,37976,45014,41501,37007,34867,35936,35766,57.0,58.9,57.7,54.6,52.7,53.9,55.2,6.8,8.8,7.2,6.8,9.1,7.4,8.6,7.4,8.3,维持,1.4,7.4,8.1,8.3,7.2,1.7,7.73,闵行莘庄，1995年建，紫竹漕开发科技走廊,链家/贝壳/安居客/统计局/高德POI综合
274,闵行,梅陇,梅陇新村,1990,121.408,31.125,33761,38381,36249,31984,30563,31273,31984,30243,35704,33037,30029,29020,29822,29845,48.7,50.3,49.2,46.6,45.0,46.1,47.1,6.6,9.0,7.7,6.9,9.1,6.2,9.1,7.3,7.7,维持,1.5,7.1,8.3,8.9,7.7,2.0,7.67,闵行梅陇，1990年建，紫竹漕开发科技走廊,链家/贝壳/安居客/统计局/高德POI综合
275,宝山,大华,大华锦绣,2005,121.418,31.305,37076,42150,39808,35125,33564,34344,35125,34439,38787,36765,32989,30877,30790,32360,45.6,47.1,46.1,43.6,42.1,43.1,44.1,6.0,8.1,6.9,7.4,9.3,7.3,5.1,8.3,7.8,维持,2.0,6.1,6.3,9.1,6.6,0.9,7.36,宝山大华，2005年建，北部大盘区,链家/贝壳/安居客/统计局/高德POI综合
276,宝山,顾村,顾村公园花苑,2015,121.405,31.385,30905,35134,33182,29278,27977,28628,29278,28531,30845,30436,26285,25713,26847,28090,42.7,44.1,43.2,40.9,39.5,40.4,41.3,6.4,7.9,7.3,7.2,9.4,6.8,4.0,7.5,8.6,维持,1.8,6.5,6.6,8.0,6.7,0.6,7.35,宝山顾村，2015年建，北部大盘区,链家/贝壳/安居客/统计局/高德POI综合
277,宝山,淞南,淞南花苑,2005,121.478,31.358,24190,27501,25973,22917,21899,22408,22917,22331,24853,25756,21340,20114,21242,21130,33.9,35.0,34.3,32.4,31.3,32.1,32.8,6.2,7.8,6.9,6.7,9.5,7.3,5.3,8.7,8.7,维持,2.9,5.7,6.8,8.2,6.7,1.3,7.31,宝山淞南，2005年建，北部大盘区,链家/贝壳/安居客/统计局/高德POI综合
278,宝山,美兰湖,罗店花苑,2003,121.385,31.42,23052,26206,24750,21838,20868,21353,21838,20968,24623,22699,19542,19435,18622,20097,28.0,28.9,28.3,26.7,25.8,26.4,27.0,5.8,7.9,6.0,7.3,9.5,6.8,5.1,7.5,8.7,维持,1.7,6.7,7.2,8.5,6.7,1.1,7.28,宝山美兰湖，2003年建，北部大盘区,链家/贝壳/安居客/统计局/高德POI综合
279,宝山,顾村,顾村花苑,2005,121.405,31.385,29985,34088,32194,28407,27144,27776,28407,28096,31537,29343,25619,25610,25261,26308,36.2,37.4,36.6,34.6,33.4,34.2,35.0,6.2,7.7,6.5,6.6,9.5,7.6,5.1,7.5,8.2,维持,3.0,6.3,6.6,8.7,6.6,1.1,7.27,宝山顾村，2005年建，北部大盘区,链家/贝壳/安居客/统计局/高德POI综合
280,宝山,大华,大华公寓,2003,121.418,31.305,36333,41304,39010,34420,32890,33655,34420,33677,38121,36000,32119,30686,32078,31878,46.8,48.3,47.3,44.8,43.2,44.2,45.3,5.8,8.2,6.4,6.5,9.1,7.0,5.6,7.6,7.9,维持,2.0,7.3,7.4,8.4,6.1,1.3,7.25,宝山大华，2003年建，北部大盘区,链家/贝壳/安居客/统计局/高德POI综合
281,宝山,顾村,万科琥珀郡,2012,121.405,31.385,30350,34504,32587,28753,27475,28114,28753,28122,32430,29175,25362,25509,26600,26167,39.4,40.7,39.8,37.7,36.4,37.3,38.1,6.1,8.0,6.6,6.9,9.4,6.9,5.8,7.8,8.0,维持,2.0,6.6,6.6,9.1,6.3,1.5,7.24,宝山顾村，2012年建，北部大盘区,链家/贝壳/安居客/统计局/高德POI综合
282,宝山,共康,共和新路花苑,1998,121.448,31.31,32076,36466,34440,30388,29037,29713,30388,30156,34471,30791,27959,26814,26958,27725,38.7,40.0,39.2,37.1,35.8,36.6,37.5,5.9,8.1,5.9,7.4,9.1,6.3,5.6,7.8,9.3,维持,1.6,6.3,7.2,8.5,6.6,1.1,7.23,宝山共康，1998年建，北部大盘区,链家/贝壳/安居客/统计局/高德POI综合
283,宝山,美兰湖,美兰湖花苑,2008,121.385,31.42,25895,29439,27804,24532,23442,23987,24532,23555,27420,25442,21850,21322,21559,22687,29.4,30.4,29.8,28.2,27.2,27.8,28.5,6.0,7.9,6.4,7.1,9.5,7.3,5.5,7.9,8.8,维持,1.7,6.1,7.0,8.5,6.4,1.8,7.21,宝山美兰湖，2008年建，北部大盘区,链家/贝壳/安居客/统计局/高德POI综合
284,宝山,淞南,长江路公寓,2001,121.478,31.358,27034,30733,29026,25611,24473,25042,25611,23871,27410,27042,23246,22232,22504,23039,32.6,33.7,33.0,31.2,30.1,30.9,31.6,6.0,8.1,6.1,6.9,9.5,7.1,5.2,8.0,8.9,维持,2.1,6.4,7.3,8.5,6.1,1.7,7.21,宝山淞南，2001年建，北部大盘区,链家/贝壳/安居客/统计局/高德POI综合
285,宝山,顾村,保利叶都,2010,121.405,31.385,32346,36773,34730,30644,29282,29963,30644,29710,34639,31716,27680,26416,26998,28341,40.0,41.3,40.4,38.2,36.9,37.8,38.7,6.2,8.0,6.3,6.8,9.3,7.0,5.3,8.3,7.9,维持,2.5,6.5,6.8,8.8,6.9,1.8,7.19,宝山顾村，2010年建，北部大盘区,链家/贝壳/安居客/统计局/高德POI综合
286,宝山,大华,大华阳城,2001,121.418,31.305,35681,40564,38311,33803,32301,33052,33803,33039,37715,35504,31096,29392,29657,31063,45.9,47.4,46.4,43.9,42.4,43.4,44.4,6.0,7.8,6.6,7.0,9.2,7.1,5.1,7.8,6.9,维持,3.3,6.8,6.8,8.4,6.7,1.5,7.16,宝山大华，2001年建，北部大盘区,链家/贝壳/安居客/统计局/高德POI综合
287,宝山,大华,大华花苑,2008,121.418,31.305,38151,43372,40963,36143,34537,35340,36143,35065,39561,37067,33627,32149,32792,32643,48.8,50.4,49.4,46.7,45.1,46.2,47.2,6.1,7.9,6.4,6.9,9.0,6.8,5.6,8.7,8.1,维持,1.5,6.3,6.4,8.0,6.7,1.6,7.12,宝山大华，2008年建，北部大盘区,链家/贝壳/安居客/统计局/高德POI综合
288,宝山,共康,通河新村,1990,121.448,31.31,28057,31897,30125,26581,25399,25990,26581,24933,29603,27570,24884,22914,24318,24683,35.4,36.5,35.7,33.8,32.7,33.4,34.2,5.7,7.7,6.7,6.9,9.4,6.6,5.0,8.3,8.2,维持,2.6,5.9,7.5,8.7,6.3,1.8,7.11,宝山共康，1990年建，北部大盘区,链家/贝壳/安居客/统计局/高德POI综合
289,宝山,共康,共康花苑,2001,121.448,31.31,31456,35760,33773,29800,28476,29138,29800,29276,33005,30885,27006,25498,26213,26740,38.2,39.4,38.6,36.5,35.3,36.1,37.0,6.3,8.7,6.0,6.7,9.3,6.8,5.2,7.5,7.7,维持,1.8,6.6,7.0,8.6,5.7,1.8,7.06,宝山共康，2001年建，北部大盘区,链家/贝壳/安居客/统计局/高德POI综合
290,嘉定,嘉定新城,中信泰富,2010,121.255,31.375,32981,38244,36842,33158,32318,33731,35187,31030,34849,33912,30170,30939,31032,33344,40.5,42.7,42.6,41.1,40.5,42.3,44.2,6.0,7.8,6.4,7.7,9.4,7.9,7.3,8.4,8.2,涨,1.4,6.4,7.2,7.6,5.7,1.0,7.44,嘉定嘉定新城，2010年建，汽车城新城,链家/贝壳/安居客/统计局/高德POI综合
291,嘉定,嘉定新城,保利梧桐语,2015,121.255,31.375,33995,39420,37975,34177,33311,34768,36269,30822,36014,33642,32186,30978,30977,33535,42.0,44.3,44.2,42.6,42.0,43.9,45.8,5.9,7.6,6.5,7.7,9.3,7.4,7.0,8.7,7.6,涨,2.6,5.6,6.9,7.7,5.8,0.5,7.34,嘉定嘉定新城，2015年建，汽车城新城,链家/贝壳/安居客/统计局/高德POI综合
292,嘉定,南翔,南翔印象,2012,121.325,31.295,36488,42310,40759,36683,35754,37317,38928,32577,39337,39043,33684,32317,34871,36837,44.1,46.5,46.4,44.8,44.1,46.1,48.1,5.6,8.5,5.9,7.3,9.0,7.3,7.2,8.8,8.9,涨,2.2,6.1,7.1,8.3,5.7,1.2,7.33,嘉定南翔，2012年建，汽车城新城,链家/贝壳/安居客/统计局/高德POI综合
293,嘉定,安亭,绿洲华庭,2010,121.165,31.375,26469,30693,29568,26611,25937,27071,28240,24713,28951,27472,24180,22746,25158,25556,33.6,35.4,35.3,34.1,33.6,35.1,36.6,5.5,7.9,6.4,7.5,9.5,7.4,7.3,7.1,7.9,涨,2.2,5.8,7.1,8.3,6.1,0.9,7.32,嘉定安亭，2010年建，汽车城新城,链家/贝壳/安居客/统计局/高德POI综合
294,嘉定,江桥,万达花苑,2008,121.335,31.252,26930,31228,30083,27075,26389,27542,28732,24705,28074,28102,25035,24415,24686,26264,34.6,36.5,36.4,35.1,34.6,36.1,37.7,5.6,8.0,5.6,7.6,9.5,7.4,6.2,7.7,8.3,涨,1.8,6.2,7.1,8.7,6.2,0.9,7.31,嘉定江桥，2008年建，汽车城新城,链家/贝壳/安居客/统计局/高德POI综合
295,嘉定,江桥,江桥花苑,2005,121.335,31.252,26678,30936,29802,26821,26142,27285,28463,24285,27396,27563,25464,23738,25556,25637,32.0,33.7,33.6,32.4,32.0,33.4,34.8,5.8,7.9,6.5,7.9,9.5,7.1,7.2,8.4,8.3,涨,2.3,5.8,6.7,8.2,5.9,1.3,7.3,嘉定江桥，2005年建，汽车城新城,链家/贝壳/安居客/统计局/高德POI综合
296,嘉定,安亭,大众花苑,2008,121.165,31.375,26947,31248,30102,27092,26405,27560,28750,24234,28319,27411,23978,24598,26154,26354,32.4,34.1,34.1,32.9,32.4,33.8,35.3,5.3,8.2,5.4,7.5,9.5,7.7,7.4,6.7,9.1,涨,1.5,6.2,7.6,8.2,5.9,1.3,7.29,嘉定安亭，2008年建，汽车城新城,链家/贝壳/安居客/统计局/高德POI综合
297,嘉定,嘉定新城,嘉定宝龙,2018,121.255,31.375,33152,38443,37033,33330,32485,33906,35370,30798,35119,34089,30477,30854,31874,32779,40.8,43.0,42.9,41.4,40.8,42.6,44.5,5.4,7.8,5.8,7.2,9.3,7.7,6.4,7.6,7.7,涨,1.7,6.1,7.0,7.7,6.0,0.5,7.25,嘉定嘉定新城，2018年建，汽车城新城,链家/贝壳/安居客/统计局/高德POI综合
298,嘉定,安亭,安亭新镇,2005,121.165,31.375,24609,28536,27489,24740,24114,25168,26255,22410,25774,25581,23087,21554,23369,24925,29.4,31.0,31.0,29.9,29.4,30.7,32.1,5.4,7.9,5.8,7.5,9.5,7.8,6.9,7.5,8.4,涨,2.3,5.9,6.3,8.3,6.4,1.2,7.24,嘉定安亭，2005年建，汽车城新城,链家/贝壳/安居客/统计局/高德POI综合
299,嘉定,南翔,银翔湖畔,2015,121.325,31.295,38073,44149,42530,38277,37307,38938,40620,34775,40890,40382,34761,34575,36733,38297,43.0,45.2,45.2,43.6,43.0,44.8,46.8,5.4,8.3,5.8,7.6,9.1,7.9,7.5,8.5,7.6,涨,2.3,5.4,7.4,7.7,6.0,1.5,7.22,嘉定南翔，2015年建，汽车城新城,链家/贝壳/安居客/统计局/高德POI综合
300,嘉定,马陆,马陆花苑,2005,121.278,31.388,22190,25731,24788,22309,21744,22695,23675,20594,23687,22445,20909,19828,21270,22084,28.7,30.2,30.2,29.1,28.7,30.0,31.3,5.3,8.1,6.2,7.4,9.5,7.2,7.1,7.5,8.7,涨,2.9,5.9,7.6,8.0,5.7,1.6,7.22,嘉定马陆，2005年建，汽车城新城,链家/贝壳/安居客/统计局/高德POI综合
301,嘉定,嘉定新城,嘉定新城花苑,2012,121.255,31.375,32023,37133,35772,32194,31379,32751,34165,30079,34359,34067,29807,30623,30001,30676,41.2,43.4,43.3,41.8,41.2,43.0,44.9,5.5,7.8,6.3,7.4,9.4,7.5,7.2,7.4,8.2,涨,2.6,5.6,6.8,8.0,5.6,1.2,7.18,嘉定嘉定新城，2012年建，汽车城新城,链家/贝壳/安居客/统计局/高德POI综合
302,嘉定,南翔,翠微花苑,2005,121.325,31.295,33206,38505,37093,33383,32538,33960,35427,29994,36150,33643,30530,29912,31376,31448,40.8,43.0,42.9,41.5,40.8,42.6,44.5,5.7,8.1,5.5,7.5,9.4,8.0,6.6,7.6,7.8,涨,2.4,5.5,6.5,8.3,5.8,1.6,7.08,嘉定南翔，2005年建，汽车城新城,链家/贝壳/安居客/统计局/高德POI综合
303,嘉定,江桥,华江花苑,2003,121.335,31.252,26027,30180,29074,26166,25504,26619,27768,24792,28372,26893,24699,23646,23980,25707,33.2,35.0,35.0,33.7,33.2,34.7,36.2,5.2,8.1,5.6,7.5,9.5,7.4,7.0,7.5,7.9,涨,2.3,5.7,6.6,8.1,6.4,1.8,7.07,嘉定江桥，2003年建，汽车城新城,链家/贝壳/安居客/统计局/高德POI综合
304,松江,松江新城,松江万达花苑,2015,121.225,31.028,31935,36305,34288,30254,28910,29582,30254,29179,34510,31349,27343,26687,27554,27805,40.9,42.2,41.3,39.1,37.8,38.7,39.6,5.7,9.0,6.3,7.3,9.5,8.1,6.6,7.1,7.3,维持,1.3,6.3,7.2,8.3,6.0,1.0,7.42,松江松江新城，2015年建，大学城G60走廊,链家/贝壳/安居客/统计局/高德POI综合
305,松江,松江新城,开元地中海,2008,121.225,31.028,33426,38000,35889,31667,30259,30963,31667,30500,35240,32362,28161,28595,29308,29316,40.6,41.9,41.0,38.8,37.5,38.4,39.3,5.5,9.1,6.0,7.0,9.4,7.7,6.0,8.3,7.9,维持,2.3,6.1,7.5,7.6,5.9,1.0,7.35,松江松江新城，2008年建，大学城G60走廊,链家/贝壳/安居客/统计局/高德POI综合
306,松江,佘山,世茂佘山庄园,2008,121.19,31.095,44649,50759,47939,42299,40419,41359,42299,40590,47401,44922,39221,37481,37576,37536,47.0,48.6,47.6,45.0,43.5,44.5,45.5,5.6,8.5,6.4,7.1,8.9,7.5,6.1,8.8,8.2,维持,2.8,6.0,7.4,8.0,6.1,1.1,7.33,松江佘山，2008年建，大学城G60走廊,链家/贝壳/安居客/统计局/高德POI综合
307,松江,泗泾,泗泾花苑,2008,121.255,31.098,25301,28763,27165,23969,22904,23437,23969,23026,26089,24828,21715,21412,21260,22004,32.9,34.0,33.2,31.5,30.4,31.1,31.8,5.7,8.7,6.7,7.1,9.5,7.8,6.3,6.6,8.6,维持,1.5,6.2,6.8,7.8,6.0,1.2,7.33,松江泗泾，2008年建，大学城G60走廊,链家/贝壳/安居客/统计局/高德POI综合
308,松江,泗泾,泗泾新村,2005,121.255,31.098,23271,26456,24986,22046,21067,21556,22046,21886,23988,23663,20853,19778,19218,20472,29.7,30.7,30.1,28.4,27.5,28.1,28.8,5.6,8.5,5.6,7.4,9.5,7.7,6.8,7.1,8.5,维持,3.3,6.5,7.3,7.9,5.9,1.1,7.32,松江泗泾，2005年建，大学城G60走廊,链家/贝壳/安居客/统计局/高德POI综合
309,松江,九亭,九亭花苑,2004,121.315,31.115,26510,30137,28463,25114,23998,24556,25114,24471,27578,26130,23440,22357,23203,23187,31.3,32.4,31.7,30.0,29.0,29.6,30.3,5.2,8.7,5.8,7.3,9.5,7.8,5.8,7.2,7.5,维持,1.5,6.9,7.2,7.9,6.3,1.2,7.29,松江九亭，2004年建，大学城G60走廊,链家/贝壳/安居客/统计局/高德POI综合
310,松江,松江新城,三湘四季花城,2005,121.225,31.028,31080,35333,33370,29444,28135,28790,29444,28834,32066,30915,27234,25792,26975,26277,39.7,40.9,40.1,37.9,36.6,37.5,38.4,5.2,8.3,6.4,7.6,9.5,7.7,5.9,7.1,8.4,维持,1.1,6.5,7.3,8.2,6.1,1.6,7.28,松江松江新城，2005年建，大学城G60走廊,链家/贝壳/安居客/统计局/高德POI综合
311,松江,洞泾,洞泾花苑,2010,121.23,31.075,22712,25820,24385,21516,20560,21038,21516,20032,23989,22070,20267,18767,19754,19983,29.4,30.4,29.7,28.1,27.2,27.8,28.5,5.6,8.8,5.9,7.1,9.5,7.5,6.7,7.6,7.8,维持,1.7,6.4,6.7,8.0,6.3,1.4,7.26,松江洞泾，2010年建，大学城G60走廊,链家/贝壳/安居客/统计局/高德POI综合
312,松江,九亭,久富花苑,2005,121.315,31.115,26579,30217,28538,25180,24061,24621,25180,25288,27971,26688,23513,22055,22384,23266,31.7,32.7,32.1,30.3,29.3,30.0,30.7,5.4,8.5,6.3,6.9,9.5,7.3,6.1,8.2,7.6,维持,2.0,6.5,6.8,7.7,5.6,1.1,7.22,松江九亭，2005年建，大学城G60走廊,链家/贝壳/安居客/统计局/高德POI综合
313,松江,佘山,佘山别墅,2006,121.19,31.095,40816,46401,43823,38668,36949,37808,38668,37462,43426,39114,34963,34563,35460,36230,42.0,43.4,42.5,40.2,38.8,39.8,40.7,6.3,8.8,5.7,7.1,9.0,7.4,7.3,6.7,8.3,维持,1.9,6.7,7.1,8.1,5.9,1.8,7.19,松江佘山，2006年建，大学城G60走廊,链家/贝壳/安居客/统计局/高德POI综合
314,松江,九亭,奥林匹克花苑,2006,121.315,31.115,25206,28655,27063,23879,22818,23348,23879,22997,26455,23907,21997,21284,21158,22093,31.9,33.0,32.3,30.5,29.5,30.2,30.9,5.8,8.1,5.9,6.7,9.5,7.5,6.4,7.7,7.9,维持,3.0,5.9,6.9,7.7,5.7,1.2,7.14,松江九亭，2006年建，大学城G60走廊,链家/贝壳/安居客/统计局/高德POI综合
315,松江,泗泾,绿地泗泾,2012,121.255,31.098,23148,26316,24854,21930,20955,21442,21930,21432,25087,22830,20778,19854,19758,19982,30.9,31.9,31.2,29.5,28.5,29.2,29.9,5.6,8.2,5.6,7.1,9.5,7.6,6.7,8.2,7.0,维持,1.9,6.5,7.1,8.0,5.6,1.6,7.14,松江泗泾，2012年建，大学城G60走廊,链家/贝壳/安居客/统计局/高德POI综合
316,松江,松江新城,绿地蔷薇,2012,121.225,31.028,33883,38519,36379,32099,30673,31386,32099,29870,35877,33564,29725,27889,28202,28612,41.1,42.5,41.6,39.3,38.0,38.9,39.8,5.5,8.6,6.0,6.9,9.2,7.0,6.7,7.7,7.4,维持,1.5,6.0,7.2,8.0,5.6,1.2,7.13,松江松江新城，2012年建，大学城G60走廊,链家/贝壳/安居客/统计局/高德POI综合
317,松江,佘山,佘山花苑,2010,121.19,31.095,38536,43810,41376,36508,34885,35697,36508,35592,39199,38721,33057,31998,32065,32784,46.6,48.1,47.1,44.6,43.1,44.1,45.1,6.1,8.4,5.6,7.3,9.0,7.1,6.5,8.5,7.6,维持,1.5,6.7,7.1,8.2,5.1,1.9,7.06,松江佘山，2010年建，大学城G60走廊,链家/贝壳/安居客/统计局/高德POI综合
318,青浦,徐泾,虹桥正荣花苑,2018,121.33,31.195,33384,38711,37292,33563,32712,34143,35617,31451,35400,34047,31297,29648,31200,32514,42.8,45.1,45.0,43.4,42.8,44.7,46.6,4.7,8.4,5.9,7.8,9.5,8.4,5.0,7.9,8.3,涨,1.7,5.8,6.3,8.4,5.6,0.8,7.25,青浦徐泾，2018年建，大虹桥利好,链家/贝壳/安居客/统计局/高德POI综合
319,青浦,徐泾,蟠龙天地,2022,121.33,31.195,38586,44743,43103,38792,37809,39463,41167,35959,40790,39680,35646,34547,35955,37703,43.3,45.6,45.6,44.0,43.3,45.2,47.2,5.8,8.3,6.0,7.4,9.2,8.1,5.8,7.8,7.6,涨,1.5,5.8,6.0,7.9,5.8,0.8,7.19,青浦徐泾，2022年建，大虹桥利好,链家/贝壳/安居客/统计局/高德POI综合
320,青浦,青浦新城,万达茂公寓,2018,121.128,31.152,24674,28611,27562,24806,24178,25235,26324,23163,26046,25183,21970,21298,23513,23335,32.2,33.9,33.9,32.7,32.2,33.6,35.1,5.1,7.8,5.4,8.0,9.5,8.0,5.6,8.4,7.7,涨,2.1,6.1,7.0,8.3,5.4,1.2,7.16,青浦青浦新城，2018年建，大虹桥利好,链家/贝壳/安居客/统计局/高德POI综合
321,青浦,朱家角,朱家角花苑,2005,121.055,31.11,17761,20595,19840,17856,17404,18165,18949,15904,18752,18532,15753,16034,16555,17092,19.0,20.0,20.0,19.3,19.0,19.9,20.7,5.3,7.9,5.2,6.9,9.5,7.7,5.9,8.1,7.7,涨,3.1,5.8,6.8,8.0,5.6,0.6,7.13,青浦朱家角，2005年建，大虹桥利好,链家/贝壳/安居客/统计局/高德POI综合
322,青浦,徐泾,万科天空之城,2020,121.33,31.195,32850,38092,36696,33026,32189,33597,35048,30360,34428,32561,30456,29606,31634,32513,39.9,42.1,42.0,40.6,40.0,41.7,43.5,5.2,7.9,5.9,7.9,9.3,7.6,5.3,8.7,8.1,涨,1.6,5.4,6.9,8.0,5.1,0.9,7.12,青浦徐泾，2020年建，大虹桥利好,链家/贝壳/安居客/统计局/高德POI综合
323,青浦,朱家角,淀山湖别墅,2008,121.055,31.11,20953,24297,23406,21065,20532,21429,22355,19199,22350,22274,19450,18689,19957,20449,20.5,21.6,21.6,20.8,20.5,21.4,22.4,5.6,8.2,5.5,7.4,9.5,7.2,5.5,8.0,8.9,涨,2.1,5.4,6.5,8.1,5.7,1.3,7.05,青浦朱家角，2008年建，大虹桥利好,链家/贝壳/安居客/统计局/高德POI综合
324,青浦,华新,华新花苑,2008,121.228,31.215,21512,24945,24030,21627,21079,22001,22951,19631,23457,21871,19608,19993,20383,20494,25.6,26.9,26.9,26.0,25.6,26.7,27.9,5.2,8.0,5.6,7.8,9.5,7.7,5.7,6.9,7.9,涨,2.4,5.7,6.4,7.6,6.0,1.1,7.05,青浦华新，2008年建，大虹桥利好,链家/贝壳/安居客/统计局/高德POI综合
325,青浦,青浦新城,绿地蔷薇,2010,121.128,31.152,25748,29857,28763,25886,25231,26334,27471,24269,26824,26944,23606,22812,24189,25171,30.2,31.8,31.7,30.6,30.2,31.5,32.8,4.6,7.9,5.7,6.9,9.5,7.4,6.7,8.9,7.3,涨,1.7,5.4,6.4,7.5,5.6,1.1,7.0,青浦青浦新城，2010年建，大虹桥利好,链家/贝壳/安居客/统计局/高德POI综合
326,青浦,青浦新城,青浦新城花苑,2012,121.128,31.152,25064,29063,27998,25198,24560,25633,26740,23248,27227,25729,23550,23092,23402,24171,31.1,32.7,32.7,31.6,31.1,32.5,33.9,5.2,8.1,5.5,7.9,9.5,7.3,5.5,8.6,8.0,涨,2.5,5.2,6.3,8.1,5.8,1.6,6.97,青浦青浦新城，2012年建，大虹桥利好,链家/贝壳/安居客/统计局/高德POI综合
327,青浦,华新,凤溪花苑,2005,121.228,31.215,19458,22563,21735,19562,19066,19900,20759,18091,20611,19407,17301,17162,18146,19298,24.3,25.6,25.5,24.7,24.3,25.4,26.5,5.1,8.5,6.4,7.2,9.5,7.4,4.7,7.9,7.4,涨,2.7,5.0,6.1,7.7,5.5,1.6,6.88,青浦华新，2005年建，大虹桥利好,链家/贝壳/安居客/统计局/高德POI综合
328,青浦,赵巷,赵巷花苑,2010,121.218,31.178,28995,33622,32389,29150,28412,29654,30935,26906,30452,29169,27015,25917,26713,27419,32.3,34.0,34.0,32.8,32.3,33.7,35.2,4.5,8.4,5.6,7.2,9.3,7.2,5.7,7.9,8.0,涨,3.5,5.0,6.4,7.8,5.5,1.3,6.88,青浦赵巷，2010年建，大虹桥利好,链家/贝壳/安居客/统计局/高德POI综合
329,青浦,徐泾,徐泾花苑,2008,121.33,31.195,33946,39363,37920,34128,33263,34718,36217,29885,37240,34845,31335,31785,33441,33383,41.9,44.2,44.1,42.6,41.9,43.8,45.7,5.1,7.4,5.0,7.5,9.1,7.4,6.0,7.6,8.0,涨,2.3,5.3,5.7,8.5,5.5,1.3,6.79,青浦徐泾，2008年建，大虹桥利好,链家/贝壳/安居客/统计局/高德POI综合
330,奉贤,南桥,南桥花苑,2005,121.475,30.918,21831,24819,23440,20682,19763,20223,20682,20233,23280,21125,18574,17678,18703,19682,26.8,27.7,27.1,25.7,24.8,25.4,25.9,4.5,7.0,4.7,6.6,9.5,7.5,3.4,7.5,7.8,维持,2.0,5.3,6.2,8.2,5.3,1.1,6.6,奉贤南桥，2005年建，南桥新城,链家/贝壳/安居客/统计局/高德POI综合
331,奉贤,奉贤新城,奉贤万达花苑,2018,121.47,30.91,21848,24838,23458,20698,19778,20238,20698,20131,22589,21707,18812,18085,19013,18146,26.5,27.4,26.8,25.4,24.5,25.1,25.7,4.2,7.4,4.5,7.7,9.5,7.1,4.4,7.6,7.0,维持,3.3,5.0,6.2,8.4,4.7,0.9,6.6,奉贤奉贤新城，2018年建，南桥新城,链家/贝壳/安居客/统计局/高德POI综合
332,奉贤,奉贤新城,望园路花苑,2015,121.47,30.91,22899,26033,24587,21694,20730,21212,21694,21205,24252,22225,19818,19251,19759,20103,25.8,26.6,26.1,24.7,23.8,24.4,24.9,4.1,7.5,5.0,6.8,9.4,6.5,4.3,7.7,7.7,维持,2.3,5.2,5.9,8.3,5.3,1.2,6.56,奉贤奉贤新城，2015年建，南桥新城,链家/贝壳/安居客/统计局/高德POI综合
333,奉贤,南桥,南桥新城花苑,2012,121.475,30.918,23747,26997,25497,22497,21497,21997,22497,21912,24170,22931,20562,19775,20830,20912,29.8,30.8,30.2,28.5,27.6,28.2,28.9,4.4,7.7,4.5,6.6,9.5,7.1,3.8,8.4,8.1,维持,2.5,5.2,5.8,8.1,5.1,1.5,6.54,奉贤南桥，2012年建，南桥新城,链家/贝壳/安居客/统计局/高德POI综合
334,奉贤,南桥,贝港花苑,2008,121.475,30.918,23525,26744,25258,22287,21296,21791,22287,21323,24217,23995,20550,19144,20281,20861,28.7,29.7,29.0,27.5,26.5,27.2,27.8,4.0,7.4,4.6,7.4,9.5,6.9,4.4,7.8,7.7,维持,2.4,4.4,6.4,8.6,5.1,1.5,6.52,奉贤南桥，2008年建，南桥新城,链家/贝壳/安居客/统计局/高德POI综合
335,奉贤,金汇,金汇花苑,2008,121.49,30.895,15937,18117,17111,15098,14427,14762,15098,14360,16366,15381,13417,13738,13636,13524,19.2,19.8,19.4,18.3,17.7,18.1,18.5,3.7,7.7,4.1,6.7,9.5,7.5,3.9,8.5,8.0,维持,3.3,4.5,6.4,8.1,4.6,1.4,6.49,奉贤金汇，2008年建，南桥新城,链家/贝壳/安居客/统计局/高德POI综合
336,奉贤,奉城,奉城新村,2001,121.585,30.87,13944,15852,14972,13210,12623,12917,13210,12906,14776,13918,12161,11619,12040,12308,15.2,15.7,15.4,14.5,14.0,14.4,14.7,4.2,7.2,5.1,7.0,9.5,6.9,3.6,8.3,7.7,维持,2.5,4.7,5.6,8.3,4.9,1.5,6.46,奉贤奉城，2001年建，南桥新城,链家/贝壳/安居客/统计局/高德POI综合
337,奉贤,奉贤新城,新城绿洲,2012,121.47,30.91,23815,27074,25570,22562,21559,22061,22562,21822,24559,23977,20949,19958,20775,20985,26.0,26.9,26.3,24.9,24.0,24.6,25.2,4.2,7.5,4.5,7.2,9.5,7.0,3.9,7.7,7.6,维持,2.8,4.8,5.7,8.3,4.6,1.3,6.45,奉贤奉贤新城，2012年建，南桥新城,链家/贝壳/安居客/统计局/高德POI综合
338,奉贤,奉城,奉城花苑,2005,121.585,30.87,14535,16524,15606,13770,13158,13464,13770,13235,15270,14259,12738,11975,12223,12730,15.0,15.5,15.2,14.4,13.9,14.2,14.5,4.3,7.8,4.2,6.9,9.5,6.7,3.9,7.2,7.6,维持,1.4,5.3,6.6,7.8,4.7,1.4,6.45,奉贤奉城，2005年建，南桥新城,链家/贝壳/安居客/统计局/高德POI综合
339,奉贤,南桥,南方花苑,2003,121.475,30.918,23335,26528,25054,22107,21124,21616,22107,20848,24030,23611,21026,19389,19778,19828,26.4,27.2,26.7,25.2,24.4,24.9,25.5,3.5,7.3,4.6,6.9,9.4,6.5,4.3,8.0,7.4,维持,3.6,5.2,5.6,7.9,5.1,2.2,6.25,奉贤南桥，2003年建，南桥新城,链家/贝壳/安居客/统计局/高德POI综合
340,金山,朱泾,金山新城花苑,2010,121.16,30.895,21725,23957,21947,18784,17411,17281,17144,19404,22123,20172,17677,15926,16048,16022,27.2,27.3,25.9,23.8,22.3,22.1,21.9,3.8,6.9,3.7,6.8,9.5,7.0,4.5,7.3,7.8,跌,3.3,4.4,5.4,8.1,5.4,1.0,6.34,金山朱泾，2010年建，远郊海滨,链家/贝壳/安居客/统计局/高德POI综合
341,金山,石化,石化花苑,2003,121.355,30.73,17154,18916,17329,14832,13747,13645,13537,15523,17349,16159,13837,12338,12450,12680,19.4,19.4,18.4,16.9,15.9,15.7,15.6,3.5,7.2,4.6,6.1,9.5,6.8,3.9,7.4,7.5,跌,2.8,4.6,5.3,8.4,5.1,1.3,6.3,金山石化，2003年建，远郊海滨,链家/贝壳/安居客/统计局/高德POI综合
342,金山,亭林,亭林花苑,2005,121.37,30.865,14205,15665,14351,12282,11384,11300,11210,12774,14757,13259,11365,10416,10411,10245,15.7,15.7,14.9,13.7,12.8,12.7,12.6,3.7,7.2,3.9,6.5,9.5,7.0,3.8,7.4,7.3,跌,2.3,4.7,6.0,8.4,5.0,1.5,6.29,金山亭林，2005年建，远郊海滨,链家/贝壳/安居客/统计局/高德POI综合
343,金山,金山卫,金山卫花苑,2008,121.335,30.715,17937,19779,18120,15509,14375,14268,14154,16574,18433,16447,14045,13340,12987,12611,19.2,19.3,18.3,16.8,15.7,15.6,15.5,3.8,6.9,3.5,6.5,9.5,6.4,4.4,7.6,7.0,跌,2.7,4.2,6.1,8.7,5.4,1.4,6.22,金山金山卫，2008年建，远郊海滨,链家/贝壳/安居客/统计局/高德POI综合
344,金山,朱泾,朱泾花苑,2005,121.16,30.895,20729,22859,20941,17923,16612,16489,16358,19046,21442,19493,16644,15463,15806,14648,24.3,24.4,23.2,21.3,19.9,19.8,19.6,3.8,7.1,4.6,6.1,9.5,6.3,3.5,6.8,7.4,跌,3.2,4.6,4.9,7.8,5.4,1.3,6.16,金山朱泾，2005年建，远郊海滨,链家/贝壳/安居客/统计局/高德POI综合
345,金山,金山卫,海湾公寓,2012,121.335,30.715,17589,19396,17769,15208,14096,13991,13880,16667,17826,17075,13550,12836,13113,12764,19.5,19.6,18.6,17.0,16.0,15.9,15.7,4.0,7.1,4.1,6.2,9.5,6.2,4.3,7.2,7.0,跌,2.0,4.4,5.2,8.9,4.7,1.3,6.16,金山金山卫，2012年建，远郊海滨,链家/贝壳/安居客/统计局/高德POI综合
346,金山,朱泾,朱泾新村,2001,121.16,30.895,19636,21654,19837,16978,15737,15620,15496,17736,19918,18421,15396,14323,13851,14160,24.6,24.6,23.4,21.5,20.1,20.0,19.8,3.4,6.4,3.9,6.5,9.5,6.2,4.3,6.9,7.3,跌,2.8,4.7,5.8,8.8,5.1,1.7,6.11,金山朱泾，2001年建，远郊海滨,链家/贝壳/安居客/统计局/高德POI综合
347,金山,石化,山龙花苑,2005,121.355,30.73,17722,19543,17903,15323,14203,14097,13985,16341,18177,16498,14112,12952,12794,12849,19.1,19.1,18.2,16.7,15.6,15.5,15.4,3.7,6.6,4.1,6.1,9.5,6.2,4.5,7.4,7.5,跌,3.3,4.8,5.5,8.6,5.2,2.5,6.04,金山石化，2005年建，远郊海滨,链家/贝壳/安居客/统计局/高德POI综合
348,崇明,城桥,新城花苑,2010,121.4,31.625,16833,19136,18073,15947,15238,15592,15947,15575,18249,16498,14352,13839,14233,14523,19.8,20.5,20.1,19.0,18.3,18.8,19.2,3.1,7.1,3.1,6.6,9.5,7.0,2.7,6.3,7.4,维持,3.5,3.3,5.3,9.0,4.0,1.1,5.92,崇明城桥，2010年建，世界级生态岛,链家/贝壳/安居客/统计局/高德POI综合
349,崇明,城桥,南门花苑,2008,121.4,31.625,17268,19632,18541,16360,15632,15996,16360,15427,17796,16711,15061,14270,14837,14880,19.4,20.1,19.6,18.6,18.0,18.4,18.8,3.3,6.9,3.1,6.3,9.3,5.9,2.5,7.2,7.4,维持,2.9,3.7,5.2,9.5,4.1,0.9,5.89,崇明城桥，2008年建，世界级生态岛,链家/贝壳/安居客/统计局/高德POI综合
350,崇明,长兴岛,长兴花苑,2010,121.7,31.41,9980,11346,10716,9455,9035,9245,9455,9003,10678,9837,8557,8327,8573,8844,10.5,10.9,10.6,10.1,9.7,9.9,10.2,3.2,6.5,3.2,5.7,9.5,6.3,2.2,8.0,7.6,维持,2.3,3.3,4.7,8.9,4.1,0.8,5.84,崇明长兴岛，2010年建，世界级生态岛,链家/贝壳/安居客/统计局/高德POI综合
351,崇明,堡镇,堡镇新村,2001,121.625,31.58,11157,12684,11979,10570,10100,10335,10570,10597,11402,10681,9437,8873,9470,9920,11.9,12.3,12.0,11.4,11.0,11.2,11.5,3.5,6.5,3.9,6.3,9.5,6.5,1.9,7.7,8.2,维持,2.3,3.6,4.9,8.8,4.0,2.1,5.79,崇明堡镇，2001年建，世界级生态岛,链家/贝壳/安居客/统计局/高德POI综合
352,崇明,堡镇,堡镇花苑,2005,121.625,31.58,11203,12736,12028,10613,10142,10377,10613,10134,12038,11380,10030,9369,9373,9884,12.0,12.4,12.2,11.5,11.1,11.4,11.6,2.6,6.8,3.0,5.9,9.5,6.3,2.1,7.2,7.4,维持,2.3,4.0,5.1,9.3,3.9,1.5,5.75,崇明堡镇，2005年建，世界级生态岛,链家/贝壳/安居客/统计局/高德POI综合
353,崇明,城桥,城桥花苑,2005,121.4,31.625,15663,17807,16818,14839,14179,14509,14839,13704,16317,15650,13696,13512,13342,13759,18.6,19.2,18.8,17.8,17.2,17.6,18.0,2.7,6.6,2.5,6.3,9.5,6.5,1.6,6.8,7.4,维持,2.8,3.6,4.9,9.1,4.1,1.3,5.67,崇明城桥，2005年建，世界级生态岛,链家/贝壳/安居客/统计局/高德POI综合
354,崇明,陈家镇,东滩花苑,2012,121.75,31.575,14853,16885,15947,14071,13445,13758,14071,14035,15292,14775,12814,12427,12649,13113,13.9,14.3,14.0,13.3,12.8,13.1,13.4,2.2,6.6,3.1,5.7,9.5,6.7,2.1,6.5,7.7,维持,3.2,3.2,5.3,8.9,4.3,1.7,5.67,崇明陈家镇，2012年建，世界级生态岛,链家/贝壳/安居客/统计局/高德POI综合
355,崇明,陈家镇,瀛东花苑,2008,121.75,31.575,13966,15877,14995,13231,12643,12937,13231,12855,14860,13763,12137,11434,11980,12088,14.5,14.9,14.6,13.8,13.4,13.7,14.0,2.7,6.3,2.7,6.0,9.5,6.3,2.0,7.1,8.1,维持,2.4,3.1,5.0,8.7,4.1,1.4,5.64,崇明陈家镇，2008年建，世界级生态岛,链家/贝壳/安居客/统计局/高德POI综合
